,Unnamed: 0,Problem Name,Unnamed: 2,Online Judge,Contest,Difficulty Level
0,1,Tetrahedron,Categories,Codeforces,Codeforces Round #113 (Div. 2),1
1,2,Sereja and Brackets,Categories,Codeforces,Codeforces Round #223 (Div. 1) & Codeforces Round #223 (Div. 2),3
2,3,New Reform,Categories,Codeforces,Codeforces Round #346 (Div. 2),3
3,4,Paths and Trees,Categories,Codeforces,Codeforces Round #303 (Div. 2),4
4,5,Connecting Universities,Categories,Codeforces,Codeforces Round #364 (Div. 1) & Codeforces Round #364 (Div. 2),4
5,6,Pashmak and Graph,Categories,Codeforces,Codeforces Round #261 (Div. 2),4
6,7,Correct Bracket Sequence Editor,Categories,Codeforces,Codeforces Round #350 (Div. 2),4
7,8,XOR and Favorite Number,Categories,Codeforces,Codeforces Round #340 (Div. 2),4
8,9,Ciel the Commander,Categories,Codeforces,Codeforces Round #190 (Div. 1) & Codeforces Round #190 (Div. 2),4
9,10,Civilization,Categories,Codeforces,Codeforces Round #260 (Div. 1) & Codeforces Round #260 (Div. 2),4
10,11,Riding in a Lift,Categories,Codeforces,Codeforces Round #274 (Div. 2) & Codeforces Round #274 (Div. 1),4
11,12,Enemy is weak,Categories,Codeforces,Codeforces Beta Round #57 (Div. 2),4
12,13,Xenia and Tree,Categories,Codeforces,Codeforces Round #199 (Div. 2),4
13,14,Weakness and Poorness,Categories,Codeforces,Codeforces Round #320 (Div. 1) [Bayan Thanks-Round] & Codeforces Round #320 (Div. 2) [Bayan Thanks-Round],4
14,15,Propagating tree,Categories,Codeforces,Codeforces Round #225 (Div. 1) & Codeforces Round #225 (Div. 2),4
15,16,Fools and Roads,Categories,Codeforces,Codeforces Round #121 (Div. 1) & Codeforces Round #121 (Div. 2),4
16,17,Gerald and Giant Chess,Categories,Codeforces,Codeforces Round #313 (Div. 1) & Codeforces Round #313 (Div. 2),4
17,18,Squares and not squares,Categories,Codeforces,Codeforces Round #451 (Div. 2),4
18,19,XOR on Segment,Categories,Codeforces,Codeforces Round #149 (Div. 2),4
19,20,The Values You Can Make,Categories,Codeforces,Codeforces Round #360 (Div. 1) & Codeforces Round #360 (Div. 2),4
20,21,Fire,Categories,Codeforces,Codeforces Round #436 (Div. 2),4
21,22,A and B and Lecture Rooms,Categories,Codeforces,Codeforces Round #294 (Div. 2),4
22,23,A Simple Task,Categories,Codeforces,Codeforces Round #312 (Div. 2),5
23,24,Logo Turtle,Categories,Codeforces,Codeforces Beta Round #96 (Div. 1) & Codeforces Beta Round #96 (Div. 2),5
24,25,Pillars,Categories,Codeforces,Codeforces Round #271 (Div. 2),5
25,26,Exposition,Categories,Codeforces,Codeforces Beta Round #6 (Div. 2 Only),5
26,27,Polo the Penguin and XOR operation,Categories,Codeforces,Codeforces Round #177 (Div. 1) & Codeforces Round #177 (Div. 2),5
27,28,Fox and Card Game,Categories,Codeforces,Codeforces Round #228 (Div. 1) & Codeforces Round #228 (Div. 2),5
28,29,Wet Shark and Blocks,Categories,Codeforces,Codeforces Round #341 (Div. 2),5
29,30,Subsegments,Categories,Codeforces,Codeforces Beta Round #63 (Div. 2),5
30,31,Bitwise Formula,Categories,Codeforces,Codeforces Round #402 (Div. 1) & Codeforces Round #402 (Div. 2),5
31,32,Duff in the Army,Categories,Codeforces,Codeforces Round #326 (Div. 1) & Codeforces Round #326 (Div. 2),5
32,33,Choosing Balls,Categories,Codeforces,Codeforces Round #162 (Div. 1) & Codeforces Round #162 (Div. 2),5
33,34,Read Time,Categories,Codeforces,Codeforces Round #200 (Div. 1) & Codeforces Round #200 (Div. 2),5
34,35,Porcelain,Categories,Codeforces,Codeforces Round #105 (Div. 2),5
35,36,Sasha and Array,Categories,Codeforces,Codeforces Round #373 (Div. 1) & Codeforces Round #373 (Div. 2),5
36,37,Cards Sorting,Categories,Codeforces,"Codeforces Round #424 (Div. 1, rated, based on VK Cup Finals) & Codeforces Round #424 (Div. 2, rated, based on VK Cup Finals)",5
37,38,Breaking Good,Categories,Codeforces,Codeforces Round #287 (Div. 2),5
38,39,Hanoi Factory,Categories,Codeforces,Codeforces Round #401 (Div. 2),5
39,40,Kalila and Dimna in the Logging Industry,Categories,Codeforces,Codeforces Round #189 (Div. 1) & Codeforces Round #189 (Div. 2),5
40,41,Mashmokh and Reverse Operation,Categories,Codeforces,Codeforces Round #240 (Div. 1) & Codeforces Round #240 (Div. 2),5
41,42,Case of Chocolate,Categories,Codeforces,Codeforces Round #310 (Div. 1) & Codeforces Round #310 (Div. 2),5
42,43,Games with Rectangle,Categories,Codeforces,Codeforces Beta Round #94 (Div. 1 Only) & Codeforces Beta Round #94 (Div. 2 Only),5
43,44,Iahub and Permutations,Categories,Codeforces,Codeforces Round #198 (Div. 2) & Codeforces Round #198 (Div. 1),5
44,45,Little Artem and Time Machine,Categories,Codeforces,VK Cup 2016 - Round 2,5
45,46,Maximize!,Categories,Codeforces,Codeforces Round #464 (Div. 2),5
46,47,Points on Plane,Categories,Codeforces,Codeforces Round #319 (Div. 1) & Codeforces Round #319 (Div. 2),5
47,48,Compatible Numbers,Categories,Codeforces,Codeforces Round #112 (Div. 2),5
48,49,Subordinates,Categories,Codeforces,Technocup 2017 - Elimination Round 2,5
49,50,Game of Stones,Categories,Codeforces,"Divide by Zero 2017 and Codeforces Round #399 (Div. 1 + Div. 2, combined)",5
50,51,Sausage Maximization,Categories,Codeforces,Codeforces Round #173 (Div. 2),5
51,52,Soldier and Traveling,Categories,Codeforces,Codeforces Round #304 (Div. 2),5
52,53,Comments,Categories,Codeforces,Codeforces Round #387 (Div. 2),5
53,54,Pretty Song,Categories,Codeforces,"Codeforces Round #289 (Div. 2, ACM ICPC Rules)",5
54,55,Number With The Given Amount Of Divisors,Categories,Codeforces,"Codeforces Beta Round #27 (Codeforces format, Div. 2)",5
55,56,Underground Lab,Categories,Codeforces,?????????? 2017 - ????? (?????? ??? ??????-??????????),5
56,57,Vasya and Beautiful Arrays,Categories,Codeforces,Codeforces Round #206 (Div. 1) & Codeforces Round #206 (Div. 2),5
57,58,Three States,Categories,Codeforces,Codeforces Round #327 (Div. 1) & Codeforces Round #327 (Div. 2),5
58,59,Anton and Tree,Categories,Codeforces,Codeforces Round #379 (Div. 2),5
59,60,Blood Cousins,Categories,Codeforces,Codeforces Round #130 (Div. 2),5
60,61,Array and Operations,Categories,Codeforces,Codeforces Round #284 (Div. 1) & Codeforces Round #284 (Div. 2),5
61,62,Number Transformation II,Categories,Codeforces,Codeforces Round #201 (Div. 1) & Codeforces Round #201 (Div. 2),6
62,63,The Great Mixing,Categories,Codeforces,Codeforces Round #407 (Div. 1) & Codeforces Round #407 (Div. 2),6
63,64,Martian Strings,Categories,Codeforces,Codeforces Round #106 (Div. 2),6
64,65,DNA Evolution,Categories,Codeforces,"Codeforces Round #423 (Div. 1, rated, based on VK Cup Finals) & Codeforces Round #423 (Div. 2, rated, based on VK Cup Finals)",6
65,66,Watching Fireworks is Fun,Categories,Codeforces,Codeforces Round #219 (Div. 1) & Codeforces Round #219 (Div. 2),6
66,67,Restoring Increasing Sequence,Categories,Codeforces,Codeforces Round #279 (Div. 2),6
67,68,Arthur and Brackets,Categories,Codeforces,Codeforces Round #288 (Div. 2),6
68,69,Lucky Permutation,Categories,Codeforces,Codeforces Beta Round #91 (Div. 1 Only) & Codeforces Beta Round #91 (Div. 2 Only),6
69,70,Divisors,Categories,Codeforces,Codeforces Round #256 (Div. 2),6
70,71,GukiZ and GukiZiana,Categories,Codeforces,Codeforces Round #307 (Div. 2),6
71,72,ZS and The Birthday Paradox,Categories,Codeforces,Codeforces Round #369 (Div. 2),6
72,73,Substitutes in Number,Categories,Codeforces,Codeforces Round #265 (Div. 1) & Codeforces Round #265 (Div. 2),6
73,74,Cipher,Categories,Codeforces,Codeforces Round #110 (Div. 1) & Codeforces Round #110 (Div. 2),6
74,75,Pig and Palindromes,Categories,Codeforces,Codeforces Round #316 (Div. 2),6
75,76,Tree Folding,Categories,Codeforces,Codeforces Round #397 by Kaspersky Lab and Barcelona Bootcamp (Div. 1 + Div. 2 combined),6
76,77,Vladik and cards,Categories,Codeforces,Codeforces Round #384 (Div. 2),6
77,78,Beautiful Decomposition,Categories,Codeforces,Codeforces Round #171 (Div. 2),6
78,79,On Changing Tree,Categories,Codeforces,Codeforces Round #232 (Div. 1) & Codeforces Round #232 (Div. 2),6
79,80,Distributing Parts,Categories,Codeforces,Codeforces Round #283 (Div. 2),6
80,81,Table Compression,Categories,Codeforces,Codeforces Round #345 (Div. 1) & Codeforces Round #345 (Div. 2),6
81,82,Drazil and Park,Categories,Codeforces,Codeforces Round #292 (Div. 2) & Codeforces Round #292 (Div. 1),6
82,83,Partial Sums,Categories,Codeforces,Codeforces Round #138 (Div. 1) & Codeforces Round #138 (Div. 2),6
83,84,Yet Another Task with Queens,Categories,Codeforces,Codeforces Beta Round #95 (Div. 2),6
84,85,Little Elephant and LCM,Categories,Codeforces,Codeforces Round #157 (Div. 1) & Codeforces Round #157 (Div. 2),6
85,86,Kefa and Watch,Categories,Codeforces,Codeforces Round #321 (Div. 2),6
86,87,Prefix Product Sequence,Categories,Codeforces,Codeforces Round #278 (Div. 2) & Codeforces Round #278 (Div. 1) & Codeforces Round #278 (Div. 2) & Codeforces Round #278 (Div. 1),6
87,88,Dasha and Puzzle,Categories,Codeforces,Codeforces Round #394 (Div. 2),6
88,89,Main Sequence,Categories,Codeforces,Codeforces Round #176 (Div. 1) & Codeforces Round #176 (Div. 2),6
89,90,Arpa’s overnight party and Mehrdad’s silent entering,Categories,Codeforces,Codeforces Round #383 (Div. 1) & Codeforces Round #383 (Div. 2),6
90,91,Anya and Cubes,Categories,Codeforces,Codeforces Round #297 (Div. 2),6
91,92,Test,Categories,Codeforces,Codeforces Beta Round #25 (Div. 2 Only),6
92,93,Strictly Positive Matrix,Categories,Codeforces,Codeforces Round #236 (Div. 2) & Codeforces Round #236 (Div. 1),6
93,94,Triangles,Categories,Codeforces,Codeforces Round #142 (Div. 1) & Codeforces Round #142 (Div. 2),6
94,95,Let's Go Rolling!,Categories,Codeforces,School Personal Contest #1 (Winter Computer School 2010/11) - Codeforces Beta Round #38 (ACM-ICPC Rules),6
95,96,Brackets in Implications,Categories,Codeforces,Codeforces Round #306 (Div. 2),6
96,97,Caisa and Tree,Categories,Codeforces,Codeforces Round #264 (Div. 2),6
97,98,Double Profiles,Categories,Codeforces,Codeforces Round #109 (Div. 1) & Codeforces Round #109 (Div. 2),6
98,99,Sockets,Categories,Codeforces,Codeforces Round #377 (Div. 2),6
99,100,Okabe and El Psy Kongroo,Categories,Codeforces,Codeforces Round #420 (Div. 2),6
100,101,Lieges of Legendre,Categories,Codeforces,Codeforces Round #334 (Div. 1) & Codeforces Round #334 (Div. 2),6
101,102,Infinite Inversions,Categories,Codeforces,Codeforces Round #301 (Div. 2),6
102,103,Trains and Statistic,Categories,Codeforces,Codeforces Round #353 (Div. 2),6
103,104,Ice cream coloring,Categories,Codeforces,Codeforces Round #411 (Div. 1) & Codeforces Round #411 (Div. 2),6
104,105,Decoding Genome,Categories,Codeforces,Codeforces Round #137 (Div. 2),6
105,106,Lucky Subsequence,Categories,Codeforces,Codeforces Round #104 (Div. 1) & Codeforces Round #104 (Div. 2),6
106,107,Sonya and Problem Wihtout a Legend,Categories,Codeforces,Codeforces Round #371 (Div. 1) & Codeforces Round #371 (Div. 2),6
107,108,PLEASE,Categories,Codeforces,Codeforces Round #362 (Div. 1) & Codeforces Round #362 (Div. 2),6
108,109,Little Pony and Summer Sun Celebration,Categories,Codeforces,Codeforces Round #259 (Div. 1) & Codeforces Round #259 (Div. 2),6
109,110,Flawed Flow,Categories,Codeforces,Codeforces Round #165 (Div. 1) & Codeforces Round #165 (Div. 2),6
110,111,Holes,Categories,Codeforces,Codeforces Beta Round #13,6
111,112,Time to Raid Cowavans,Categories,Codeforces,Codeforces Beta Round #80 (Div. 1 Only) & Codeforces Beta Round #80 (Div. 2 Only),6
112,113,The Holmes Children,Categories,Codeforces,"ICM Technex 2017 and Codeforces Round #400 (Div. 1 + Div. 2, combined)",6
113,114,The Road to Berland is Paved With Good Intentions,Categories,Codeforces,Codeforces Round #141 (Div. 2),6
114,115,DZY Loves Colors,Categories,Codeforces,Codeforces Round #254 (Div. 1) & Codeforces Round #254 (Div. 2),6
115,116,Police Patrol,Categories,Codeforces,Codeforces Round #244 (Div. 2),6
116,117,Bertown roads,Categories,Codeforces,Codeforces Beta Round #89 (Div. 2),6
117,118,Appleman and a Sheet of Paper,Categories,Codeforces,Codeforces Round #263 (Div. 1) & Codeforces Round #263 (Div. 2),6
118,119,Anton and Ira,Categories,Codeforces,Codeforces Round #324 (Div. 2),6
119,120,Mahmoud and a xor trip,Categories,Codeforces,Codeforces Round #396 (Div. 2),6
120,121,Greg and Friends,Categories,Codeforces,Codeforces Round #179 (Div. 1) & Codeforces Round #179 (Div. 2),6
121,122,Numbers Exchange,Categories,Codeforces,Codeforces Round #386 (Div. 2),6
122,123,Demiurges Play Again,Categories,Codeforces,Codeforces Round #300,6
123,124,Fox And Dinner,Categories,Codeforces,Codeforces Round #290 (Div. 2) & Codeforces Round #290 (Div. 1),6
124,125,Love Triangles,Categories,Codeforces,Codeforces Round #309 (Div. 1) & Codeforces Round #309 (Div. 2),6
125,126,Mike and Geometry Problem,Categories,Codeforces,Codeforces Round #361 (Div. 2),6
126,127,Compartments,Categories,Codeforces,Codeforces Round #207 (Div. 1) & Codeforces Round #207 (Div. 2),6
127,128,Devu and Flowers,Categories,Codeforces,Codeforces Round #258 (Div. 2),6
128,129,National Property,Categories,Codeforces,"Codeforces Round #441 (Div. 1, by Moscow Team Olympiad) & Codeforces Round #441 (Div. 2, by Moscow Team Olympiad)",6
129,130,Valera and Queries,Categories,Codeforces,Codeforces Round #216 (Div. 2),6
130,131,LIS of Sequence,Categories,Codeforces,Codeforces Round #277 (Div. 2),6
131,132,Relay Race,Categories,Codeforces,Codeforces Round #131 (Div. 1) & Codeforces Round #131 (Div. 2),6
132,133,Pluses everywhere,Categories,Codeforces,Codeforces Round #295 (Div. 2) & Codeforces Round #295 (Div. 1),6
133,134,Artem and Array,Categories,Codeforces,Codeforces Round #253 (Div. 1),6
134,135,Karen and Supermarket,Categories,Codeforces,Codeforces Round #419 (Div. 1) & Codeforces Round #419 (Div. 2),6
135,136,One-Way Reform,Categories,Codeforces,Codeforces Round #375 (Div. 2),6
136,137,Zero-One,Categories,Codeforces,Codeforces Beta Round #97 (Div. 1) & Codeforces Beta Round #97 (Div. 2),6
137,138,Dreamoon and Strings,Categories,Codeforces,Codeforces Round #272 (Div. 2) & Codeforces Round #272 (Div. 1),6
138,139,Vanya and Field,Categories,Codeforces,Codeforces Round #280 (Div. 2),6
139,140,Fish,Categories,Codeforces,Codeforces Beta Round #16 (Div. 2 Only),6
140,141,Interesting Game,Categories,Codeforces,Codeforces Beta Round #73 (Div. 1 Only) & Codeforces Beta Round #73 (Div. 2 Only),6
141,142,Sereja and Subsequences,Categories,Codeforces,Codeforces Round #187 (Div. 1) & Codeforces Round #187 (Div. 2),6
142,143,Jzzhu and Apples,Categories,Codeforces,Codeforces Round #257 (Div. 1) & Codeforces Round #257 (Div. 2),6
143,144,3-cycles,Categories,Codeforces,Codeforces Beta Round #40 (Div. 2),6
144,145,Vanya and Brackets,Categories,Codeforces,Codeforces Round #308 (Div. 2),6
145,146,Sereja and the Arrangement of Numbers,Categories,Codeforces,Codeforces Round #215 (Div. 1) & Codeforces Round #215 (Div. 2),6
146,147,Information Graph,Categories,Codeforces,Codeforces Round #266 (Div. 2),6
147,148,Santa Claus and Tangerines,Categories,Codeforces,Technocup 2017 - Elimination Round 3,6
148,149,New Year Domino,Categories,Codeforces,Good Bye 2014,6
149,150,Game on Tree,Categories,Codeforces,Codeforces Round #172 (Div. 1) & Codeforces Round #172 (Div. 2),6
150,151,Axis Walking,Categories,Codeforces,Codeforces Round #191 (Div. 2),7
151,152,Vulnerable Kerbals,Categories,Codeforces,VK Cup 2017 - Round 2,7
152,153,World Eater Brothers,Categories,Codeforces,Codeforces Round #148 (Div. 1) & Codeforces Round #148 (Div. 2),7
153,154,Levko and Strings,Categories,Codeforces,Codeforces Round #210 (Div. 1) & Codeforces Round #210 (Div. 2),7
154,155,Dima and Horses,Categories,Codeforces,Codeforces Round #167 (Div. 2) & Codeforces Round #167 (Div. 1),7
155,156,The Untended Antiquity,Categories,Codeforces,Codeforces Round #439 (Div. 2),7
156,157,Nikita and stack,Categories,Codeforces,8VC Venture Cup 2017 - Final Round,7
157,158,Paint Tree,Categories,Codeforces,Codeforces Round #124 (Div. 1) & Codeforces Round #124 (Div. 2),7
158,159,Number Transformation,Categories,Codeforces,Codeforces Round #153 (Div. 1) & Codeforces Round #153 (Div. 2),7
159,160,Cactus,Categories,Codeforces,Codeforces Round #143 (Div. 2),7
160,161,Little Elephant and Furik and Rubik,Categories,Codeforces,Codeforces Round #129 (Div. 1) & Codeforces Round #129 (Div. 2),7
161,162,Freelancer's Dreams,Categories,Codeforces,Codeforces Round #335 (Div. 1) & Codeforces Round #335 (Div. 2),7
162,163,Weak Memory,Categories,Codeforces,Codeforces Round #119 (Div. 1) & Codeforces Round #119 (Div. 2),7
163,164,Empire Strikes Back,Categories,Codeforces,Codeforces Round #181 (Div. 2),7
164,165,Arthur and Questions,Categories,Codeforces,Codeforces Round #293 (Div. 2),7
165,166,Fairy,Categories,Codeforces,Codeforces Beta Round #19,7
166,167,Devu and Birthday Celebration,Categories,Codeforces,Codeforces Round #251 (Div. 2),7
167,168,President's Path,Categories,Codeforces,Codeforces Round #241 (Div. 2),7
168,169,Remembering Strings,Categories,Codeforces,Codeforces Round #302 (Div. 1) & Codeforces Round #302 (Div. 2),7
169,170,Double Happiness,Categories,Codeforces,Codeforces Beta Round #86 (Div. 1 Only) & Codeforces Beta Round #86 (Div. 2 Only),7
170,171,The Last Fight Between Human and AI,Categories,Codeforces,Codeforces Round #354 (Div. 2),7
171,172,Till I Collapse,Categories,Codeforces,Codeforces Round #406 (Div. 1) & Codeforces Round #406 (Div. 2),7
172,173,Comb,Categories,Codeforces,School Personal Contest #2 (Winter Computer School 2010/11) - Codeforces Beta Round #43 (ACM-ICPC Rules),7
173,174,Ann and Half-Palindrome,Categories,Codeforces,Codeforces Round #311 (Div. 2),7
174,175,LRU,Categories,Codeforces,Codeforces Round #363 (Div. 1) & Codeforces Round #363 (Div. 2),7
175,176,Build String,Categories,Codeforces,Codeforces Round #147 (Div. 2),7
176,177,Bindian Signalizing,Categories,Codeforces,Codeforces Beta Round #5,7
177,178,George and Cards,Categories,Codeforces,Codeforces Round #227 (Div. 2),7
178,179,Subway Innovation,Categories,Codeforces,Codeforces Round #218 (Div. 2),7
179,180,Camels,Categories,Codeforces,Codeforces Beta Round #14 (Div. 2),7
180,181,Edo and Magnets,Categories,Codeforces,Codeforces Round #330 (Div. 1) & Codeforces Round #330 (Div. 2),7
181,182,Domino Principle,Categories,Codeforces,Codeforces Beta Round #52 (Div. 2),7
182,183,Necklace,Categories,Codeforces,Codeforces Round #339 (Div. 1) & Codeforces Round #339 (Div. 2),7
183,184,On the Bench,Categories,Codeforces,Codeforces Round #429 (Div. 1) & Codeforces Round #429 (Div. 2),7
184,185,Guess the Tree,Categories,Codeforces,Codeforces Round #245 (Div. 1) & Codeforces Round #245 (Div. 2),7
185,186,Garlands,Categories,Codeforces,Codeforces Round #368 (Div. 2),7
186,187,"Alice, Bob, Oranges and Apples",Categories,Codeforces,Codeforces Round #325 (Div. 1) & Codeforces Round #325 (Div. 2),7
187,188,Mushroom Gnomes - 2,Categories,Codeforces,Codeforces Beta Round #99 (Div. 1) & Codeforces Beta Round #99 (Div. 2),7
188,189,Short Code,Categories,Codeforces,"Codeforces Round #476 (Div. 2) [Thanks, Telegram!]",7
189,190,Splitting the Uniqueness,Categories,Codeforces,Codeforces Round #180 (Div. 1) & Codeforces Round #180 (Div. 2),7
190,191,Hongcow Buys a Deck of Cards,Categories,Codeforces,Codeforces Round #385 (Div. 1) & Codeforces Round #385 (Div. 2),7
191,192,Captains Mode,Categories,Codeforces,Codeforces Round #222 (Div. 1) & Codeforces Round #222 (Div. 2),7
192,193,Product Sum,Categories,Codeforces,Codeforces Round #344 (Div. 2),7
193,194,Petya and Spiders,Categories,Codeforces,Codeforces Beta Round #85 (Div. 1 Only) & Codeforces Beta Round #85 (Div. 2 Only),7
194,195,Darth Vader and Tree,Categories,Codeforces,Codeforces Round #291 (Div. 2),7
195,196,Ski Base,Categories,Codeforces,Codeforces Beta Round #75 (Div. 1 Only) & Codeforces Beta Round #75 (Div. 2 Only),7
196,197,Bear and Company,Categories,Codeforces,VK Cup 2017 - Round 1,7
197,198,Furlo and Rublo and Game,Categories,Codeforces,Codeforces Round #156 (Div. 2) & Codeforces Round #156 (Div. 1),7
198,199,Cyclical Quest,Categories,Codeforces,Codeforces Round #146 (Div. 1) & Codeforces Round #146 (Div. 2),7
199,200,"Points, Lines and Ready-made Titles",Categories,Codeforces,Technocup 2018 - Elimination Round 2,7
200,201,Hiking,Categories,Codeforces,Codeforces Round #277.5 (Div. 2),7
201,202,Hack it!,Categories,Codeforces,Codeforces Round #268 (Div. 1) & Codeforces Round #268 (Div. 2),7
202,203,Alyona and towers,Categories,Codeforces,Codeforces Round #381 (Div. 1) & Codeforces Round #381 (Div. 2),7
203,204,Hexagons,Categories,Codeforces,Codeforces Round #338 (Div. 2),7
204,205,Coin Troubles,Categories,Codeforces,Codeforces Round #174 (Div. 1) & Codeforces Round #174 (Div. 2),7
205,206,Data Center Drama,Categories,Codeforces,Codeforces Round #296 (Div. 2) & Codeforces Round #296 (Div. 1),7
206,207,Wrong Floyd,Categories,Codeforces,Codeforces Round #203 (Div. 2),7
207,208,Sagheer and Apple Tree,Categories,Codeforces,Codeforces Round #417 (Div. 2),7
208,209,Working routine,Categories,Codeforces,Codeforces Round #367 (Div. 2),7
209,210,Blood Cousins Return,Categories,Codeforces,Codeforces Round #151 (Div. 2),7
210,211,President and Roads,Categories,Codeforces,Codeforces Round #Pi (Div. 2),7
211,212,Funny Game,Categories,Codeforces,Codeforces Round #376 (Div. 2),7
212,213,Last Chance,Categories,Codeforces,Codeforces Beta Round #98 (Div. 2),7
213,214,Maxim and Matrix,Categories,Codeforces,Codeforces Round #160 (Div. 1) & Codeforces Round #160 (Div. 2),7
214,215,Wooden Fence,Categories,Codeforces,Codeforces Round #117 (Div. 2),7
215,216,Little Girl and Problem on Trees,Categories,Codeforces,Codeforces Round #169 (Div. 2),7
216,217,Famil Door and Roads,Categories,Codeforces,Codeforces Round #343 (Div. 2),7
217,218,Fragile Bridges,Categories,Codeforces,Codeforces Round #127 (Div. 1) & Codeforces Round #127 (Div. 2),7
218,219,Kleofáš and the n-thlon,Categories,Codeforces,Codeforces Round #333 (Div. 1) & Codeforces Round #333 (Div. 2),7
219,220,Curious Array,Categories,Codeforces,Codeforces Round #239 (Div. 1) & Codeforces Round #239 (Div. 2),7
220,221,Prairie Partition,Categories,Codeforces,VK Cup 2017 - Round 3,7
221,222,Little Elephant and Shifts,Categories,Codeforces,Codeforces Round #136 (Div. 1) & Codeforces Round #136 (Div. 2),7
222,223,Anton and Permutation,Categories,Codeforces,Codeforces Round #404 (Div. 2),7
223,224,Champions' League,Categories,Codeforces,"Codeforces Round #145 (Div. 2, ACM-ICPC Rules)",7
224,225,Bash Plays with Functions,Categories,Codeforces,"Codecraft-17 and Codeforces Round #391 (Div. 1 + Div. 2, combined)",7
225,226,Playlist,Categories,Codeforces,Codeforces Round #164 (Div. 2),7
226,227,Beavermuncher-0xFF,Categories,Codeforces,Codeforces Beta Round #69 (Div. 1 Only) & Codeforces Beta Round #69 (Div. 2 Only),7
227,228,Minimum Modular,Categories,Codeforces,Codeforces Round #183 (Div. 1) & Codeforces Round #183 (Div. 2),7
228,229,Inna and Binary Logic,Categories,Codeforces,Codeforces Round #234 (Div. 2),7
229,230,Subset Sums,Categories,Codeforces,Codeforces Round #202 (Div. 1) & Codeforces Round #202 (Div. 2),7
230,231,Graph Reconstruction,Categories,Codeforces,Codeforces Round #192 (Div. 1) & Codeforces Round #192 (Div. 2),7
231,232,Sereja and Two Sequences,Categories,Codeforces,Codeforces Round #243 (Div. 1) & Codeforces Round #243 (Div. 2),7
232,233,Bear and Square Grid,Categories,Codeforces,Codeforces Round #356 (Div. 1) & Codeforces Round #356 (Div. 2),7
233,234,Shortest Path,Categories,Codeforces,Codeforces Beta Round #55 (Div. 2),7
234,235,Cubes,Categories,Codeforces,"Codeforces Round #116 (Div. 2, ACM-ICPC Rules)",7
235,236,TV Game,Categories,Codeforces,"Codeforces Beta Round #31 (Div. 2, Codeforces format)",7
236,237,Graph Cutting,Categories,Codeforces,Codeforces Round #238 (Div. 2) & Codeforces Round #238 (Div. 1),7
237,238,Tavas and Pashmaks,Categories,Codeforces,Codeforces Round #299 (Div. 2) & Codeforces Round #299 (Div. 1),7
238,239,Levels and Regions,Categories,Codeforces,VK Cup 2016 - Round 3,7
239,240,Aquarium decoration,Categories,Codeforces,"Playrix Codescapes Cup (Codeforces Round #413, rated, Div. 1 + Div. 2)",7
240,241,Digit Tree,Categories,Codeforces,Codeforces Round #372 (Div. 1) & Codeforces Round #372 (Div. 2),7
241,242,Divisor Tree,Categories,Codeforces,Codeforces Round #196 (Div. 2) & Codeforces Round #196 (Div. 1),7
242,243,Bear and Drawing,Categories,Codeforces,Codeforces Round #318 [RussianCodeCup Thanks-Round] (Div. 1) & Codeforces Round #318 [RussianCodeCup Thanks-Round] (Div. 2),7
243,244,Army Creation,Categories,Codeforces,Educational Codeforces Round 22,7
244,245,Marbles,Categories,Codeforces,Codeforces Round #336 (Div. 1) & Codeforces Round #336 (Div. 2),7
245,246,Change-free,Categories,Codeforces,Codeforces Round #398 (Div. 2),7
246,247,Counter Attack,Categories,Codeforces,Codeforces Round #120 (Div. 2),7
247,248,Parade,Categories,Codeforces,Codeforces Beta Round #35 (Div. 2),8
248,249,Mishka and Divisors,Categories,Codeforces,Codeforces Round #365 (Div. 2),8
249,250,Plumber,Categories,Codeforces,Codeforces Beta Round #87 (Div. 1 Only) & Codeforces Beta Round #87 (Div. 2 Only),8
250,251,Vanya and Balloons,Categories,Codeforces,Codeforces Round #355 (Div. 2),8
251,252,Unsolvable,Categories,Codeforces,Codeforces Round #139 (Div. 2),8
252,253,Inversions After Shuffle,Categories,Codeforces,Codeforces Round #388 (Div. 2),8
253,254,Maze 1D,Categories,Codeforces,Codeforces Round #237 (Div. 2),8
254,255,Space Rescuers,Categories,Codeforces,Codeforces Beta Round #82 (Div. 2),8
255,256,Ilya and Two Numbers,Categories,Codeforces,Codeforces Round #186 (Div. 2),8
256,257,Mother of Dragons,Categories,Codeforces,Codeforces Round #428 (Div. 2),8
257,258,Antichain,Categories,Codeforces,Codeforces Round #205 (Div. 2),8
258,259,Find a car,Categories,Codeforces,Codeforces Round #415 (Div. 1) & Codeforces Round #415 (Div. 2),8
259,260,CNF 2,Categories,Codeforces,Codeforces Round #317 [AimFund Thanks-Round] (Div. 1) & Codeforces Round #317 [AimFund Thanks-Round] (Div. 2),8
260,261,Number Table,Categories,Codeforces,Codeforces Beta Round #39,8
261,262,Dima and Magic Guitar,Categories,Codeforces,Codeforces Round #214 (Div. 2),8
262,263,Game with Strings,Categories,Codeforces,Codeforces Round #275 (Div. 1) & Codeforces Round #275 (Div. 2),8
263,264,Greedy Change,Categories,Codeforces,Codeforces Beta Round #10,8
264,265,Sleep in Class,Categories,Codeforces,Codeforces Round #378 (Div. 2),8
265,266,New Year Garland,Categories,Codeforces,Codeforces Round #100,8
266,267,Nastya and King-Shamans,Categories,Codeforces,Codeforces Round #489 (Div. 2),8
267,268,An unavoidable detour for home,Categories,Codeforces,Codeforces Round #418 (Div. 2),8
268,269,Collisions,Categories,Codeforces,Codeforces Beta Round #34 (Div. 2),8
269,270,Tricky and Clever Password,Categories,Codeforces,Codeforces Beta Round #30 (Codeforces format),8
270,271,Three Horses,Categories,Codeforces,Codeforces Round #166 (Div. 2),8
271,272,Wizards and Numbers,Categories,Codeforces,Codeforces Round #114 (Div. 1) & Codeforces Round #114 (Div. 2),8
272,273,Martian Luck,Categories,Codeforces,Codeforces Round #133 (Div. 2),8
273,274,Building Forest,Categories,Codeforces,Codeforces Round #123 (Div. 2),8
274,275,Square Tiling,Categories,Codeforces,Codeforces Round #246 (Div. 2),8
275,276,Alyona and Triangles,Categories,Codeforces,Codeforces Round #358 (Div. 2),8
276,277,Jeff and Brackets,Categories,Codeforces,Codeforces Round #204 (Div. 1) & Codeforces Round #204 (Div. 2),8
277,278,Vladik and Entertaining Flags,Categories,Codeforces,Codeforces Round #416 (Div. 2),8
278,279,Interestring graph and Apples,Categories,Codeforces,Codeforces Beta Round #9 (Div. 2 Only),8
279,280,New Language,Categories,Codeforces,Codeforces Round #315 (Div. 1) & Codeforces Round #315 (Div. 2),8
280,281,Beautiful Set,Categories,Codeforces,Codeforces Round #213 (Div. 1) & Codeforces Round #213 (Div. 2),8
281,282,Timofey and remoduling,Categories,Codeforces,Codeforces Round #395 (Div. 1) & Codeforces Round #395 (Div. 2),8
282,283,Game,Categories,Codeforces,Codeforces Round #170 (Div. 1) & Codeforces Round #170 (Div. 2),8
283,284,Helping People,Categories,Codeforces,Codeforces Round #282 (Div. 1) & Codeforces Round #282 (Div. 2),8
284,285,Flag 2,Categories,Codeforces,Codeforces Beta Round #18 (Div. 2 Only),8
285,286,The Child and Polygon,Categories,Codeforces,Codeforces Round #250 (Div. 2) & Codeforces Round #250 (Div. 1),8
286,287,Quarrel,Categories,Codeforces,"Codeforces Beta Round #29 (Div. 2, Codeforces format)",8
287,288,Bear in the Field,Categories,Codeforces,Codeforces Round #226 (Div. 2),8
288,289,Petya and Post,Categories,Codeforces,Codeforces Beta Round #61 (Div. 2),8
289,290,Very simple problem,Categories,Codeforces,Codeforces Beta Round #51,8
290,291,Positions in Permutations,Categories,Codeforces,Codeforces Round #175 (Div. 2),8
291,292,Berland collider,Categories,Codeforces,Codeforces Beta Round #24,8
292,293,Periodical Numbers,Categories,Codeforces,Codeforces Round #132 (Div. 2),8
293,294,Hamming Distance,Categories,Codeforces,Codeforces Round #122 (Div. 1) & Codeforces Round #122 (Div. 2),8
294,295,Playing with String,Categories,Codeforces,Codeforces Round #184 (Div. 2),8
295,296,Shortest Path Problem?,Categories,Codeforces,Educational Codeforces Round 27,8
296,297,Mike and Friends,Categories,Codeforces,Codeforces Round #305 (Div. 1),8
297,298,Beads,Categories,Codeforces,Codeforces Beta Round #8,8
298,299,Common ancestor,Categories,Codeforces,Codeforces Beta Round #46 (Div. 2),8
299,300,Colorado Potato Beetle,Categories,Codeforces,Codeforces Round #150 (Div. 1) & Codeforces Round #150 (Div. 2),8
300,301,Petya and Pipes,Categories,Codeforces,Codeforces Round #212 (Div. 2),8
301,302,Vasya and Polynomial,Categories,Codeforces,Codeforces Round #281 (Div. 2),8
302,303,Palisection,Categories,Codeforces,Codeforces Beta Round #17,8
303,304,Ultimate Weirdness of an Array,Categories,Codeforces,Codeforces Round #352 (Div. 1) & Codeforces Round #352 (Div. 2),8
304,305,Chip Play,Categories,Codeforces,Codeforces Beta Round #74 (Div. 1 Only) & Codeforces Beta Round #74 (Div. 2 Only),8
305,306,Balance,Categories,Codeforces,Codeforces Round #188 (Div. 1) & Codeforces Round #188 (Div. 2),8
306,307,Memory and Casinos,Categories,Codeforces,Codeforces Round #370 (Div. 2),8
307,308,E-reader Display,Categories,Codeforces,Codeforces Beta Round #93 (Div. 1 Only) & Codeforces Beta Round #93 (Div. 2 Only),8
308,309,Three Swaps,Categories,Codeforces,Codeforces Round #197 (Div. 2),8
309,310,Competition,Categories,Codeforces,Codeforces Round #103 (Div. 2),8
310,311,Start of the session,Categories,Codeforces,Codeforces Beta Round #12 (Div 2 Only),8
311,312,Alex and Complicated Task,Categories,Codeforces,Codeforces Round #267 (Div. 2),8
312,313,Help Caretaker,Categories,Codeforces,Codeforces Round #102 (Div. 1) & Codeforces Round #102 (Div. 2),8
313,314,Vectors,Categories,Codeforces,Codeforces Beta Round #79 (Div. 1 Only) & Codeforces Beta Round #79 (Div. 2 Only),8
314,315,Misha and Palindrome Degree,Categories,Codeforces,Codeforces Round #285 (Div. 2) & Codeforces Round #285 (Div. 1),8
315,316,Tree,Categories,Codeforces,Codeforces Beta Round #23,8
316,317,Alphabet Permutations,Categories,Codeforces,Codeforces Round #337 (Div. 2),8
317,318,Anniversary,Categories,Codeforces,Codeforces Round #140 (Div. 1) & Codeforces Round #140 (Div. 2),8
318,319,Exam Cheating,Categories,Codeforces,Codeforces Round #408 (Div. 2),8
319,320,Superior Periodic Subarrays,Categories,Codeforces,Codeforces Round #323 (Div. 1) & Codeforces Round #323 (Div. 2),8
320,321,Smart Cheater,Categories,Codeforces,Codeforces Round #107 (Div. 1) & Codeforces Round #107 (Div. 2),8
321,322,Liar,Categories,Codeforces,Codeforces Round #422 (Div. 2),8
322,323,Defining Macros,Categories,Codeforces,Codeforces Beta Round #7,8
323,324,Shaass the Great,Categories,Codeforces,Codeforces Round #178 (Div. 2),8
324,325,Parking Lot,Categories,Codeforces,Codeforces Round #135 (Div. 2),8
325,326,Brackets,Categories,Codeforces,Codeforces Beta Round #92 (Div. 1 Only) & Codeforces Beta Round #92 (Div. 2 Only),8
326,327,Printer,Categories,Codeforces,Codeforces Round #154 (Div. 2),8
327,328,The penguin's game,Categories,Codeforces,Codeforces Round #427 (Div. 2),8
328,329,Strange Sorting,Categories,Codeforces,Codeforces Round #276 (Div. 1) & Codeforces Round #276 (Div. 2),8
329,330,Sweets Game,Categories,Codeforces,Codeforces Beta Round #59 (Div. 2),8
330,331,Dead Ends,Categories,Codeforces,Codeforces Beta Round #49 (Div. 2),8
331,332,Clearing Up,Categories,Codeforces,Codeforces Round #101 (Div. 2),8
332,333,More Queries to Array...,Categories,Codeforces,Codeforces Round #163 (Div. 2),8
333,334,Volcanoes,Categories,Codeforces,Codeforces Round #225 (Div. 1) & Codeforces Round #225 (Div. 2),8
334,335,Scheme,Categories,Codeforces,Codeforces Beta Round #22 (Div. 2 Only),8
335,336,Yaroslav and Algorithm,Categories,Codeforces,Codeforces Round #182 (Div. 1) & Codeforces Round #182 (Div. 2),8
336,337,Valera and Number,Categories,Codeforces,Codeforces Round #252 (Div. 2),9
337,338,Horse Races,Categories,Codeforces,Codeforces Beta Round #77 (Div. 1 Only) & Codeforces Beta Round #77 (Div. 2 Only),9
338,339,Cannon,Categories,Codeforces,Codeforces Beta Round #44 (Div. 2),9
339,340,Road to Home,Categories,Codeforces,Codeforces Round #374 (Div. 2),9
340,341,Dividing Kingdom,Categories,Codeforces,Codeforces Round #158 (Div. 2),9
341,342,Triangles,Categories,Codeforces,Codeforces Beta Round #15,9
342,343,Wilbur and Strings,Categories,Codeforces,Codeforces Round #331 (Div. 2),9
343,344,Power Defence,Categories,Codeforces,Codeforces Round #115,9
344,345,Berland Local Positioning System,Categories,Codeforces,Codeforces Round #298 (Div. 2),9
345,346,Multithreading,Categories,Codeforces,Codeforces Beta Round #26 (Codeforces format),9
346,347,Track,Categories,Codeforces,Codeforces Beta Round #72 (Div. 1 Only) & Codeforces Beta Round #72 (Div. 2 Only),9
347,348,Formurosa,Categories,Codeforces,Codeforces Round #134 (Div. 1) & Codeforces Round #134 (Div. 2),9
348,349,Chemistry Experiment,Categories,Codeforces,Codeforces Round #247 (Div. 2),9
349,350,Optimal Point,Categories,Codeforces,Codeforces Round #359 (Div. 1) & Codeforces Round #359 (Div. 2),9
350,351,Pentagon,Categories,Codeforces,Codeforces Beta Round #48,9
351,352,Ksenia and Combinatorics,Categories,Codeforces,Codeforces Round #224 (Div. 2),9
352,353,Ship's Shortest Path,Categories,Codeforces,Codeforces Beta Round #67 (Div. 2),9
353,354,Azembler,Categories,Codeforces,Codeforces Beta Round #76 (Div. 1 Only) & Codeforces Beta Round #76 (Div. 2 Only),9
354,355,Mike and code of a permutation,Categories,Codeforces,Codeforces Round #410 (Div. 2),9
355,356,Neatness,Categories,Codeforces,Codeforces Round #209 (Div. 2),9
356,357,Awards For Contestants,Categories,Codeforces,Educational Codeforces Round 30,9
357,358,Fetch the Treasure,Categories,Codeforces,Codeforces Round #185 (Div. 1) & Codeforces Round #185 (Div. 2),9
358,359,Piglet's Birthday,Categories,Codeforces,Codeforces Round #152 (Div. 2) & Codeforces Round #152 (Div. 1),9
359,360,Lucky Tickets,Categories,Codeforces,Codeforces Round #194 (Div. 1) & Codeforces Round #194 (Div. 2),9
360,361,Square Equation Roots,Categories,Codeforces,Codeforces Beta Round #47,9
361,362,Rhombus,Categories,Codeforces,Codeforces Round #161 (Div. 2),9
362,363,Transportation,Categories,Codeforces,Codeforces Round #128 (Div. 2),9
363,364,Morrowindows,Categories,Codeforces,Codeforces Beta Round #66,9
364,365,Race,Categories,Codeforces,Codeforces Beta Round #42 (Div. 2),9
365,366,Vasya and Shifts,Categories,Codeforces,Codeforces Round #425 (Div. 2),9
366,367,Dima and Kicks,Categories,Codeforces,Codeforces Round #208 (Div. 2),9
367,368,Strange Calculation and Cats,Categories,Codeforces,Codeforces Round #329 (Div. 2),9
368,369,Dasha and cyclic table,Categories,Codeforces,Codeforces Round #390 (Div. 2),9
369,370,Mr. Kitayuta vs. Bamboos,Categories,Codeforces,Codeforces Round #286 (Div. 2) & Codeforces Round #286 (Div. 1),9
370,371,Evacuation,Categories,Codeforces,Codeforces Beta Round #70 (Div. 2),9
371,372,Binary Key,Categories,Codeforces,Codeforces Round #193 (Div. 2),9
372,373,Trial for Chief,Categories,Codeforces,Codeforces Beta Round #37,9
373,374,Runaway to a Shadow,Categories,Codeforces,Codeforces Round #357 (Div. 2),9
374,375,Mushroom Gnomes,Categories,Codeforces,Codeforces Beta Round #56,9
375,376,Garden,Categories,Codeforces,Codeforces Round #108 (Div. 2),9
376,377,Yet Another Number Sequence,Categories,Codeforces,Codeforces Round #230 (Div. 1) & Codeforces Round #230 (Div. 2),9
377,378,Circling Round Treasures,Categories,Codeforces,Codeforces Round #221 (Div. 1) & Codeforces Round #221 (Div. 2),9
378,379,Nuclear Fusion,Categories,Codeforces,Codeforces Beta Round #65 (Div. 2),9
379,380,Special Graph,Categories,Codeforces,Codeforces Round #249 (Div. 2),9
380,381,Hide-and-Seek,Categories,Codeforces,"Codeforces Beta Round #32 (Div. 2, Codeforces format)",9
381,382,Tractor College,Categories,Codeforces,Codeforces Round #126 (Div. 2),9
382,383,Dormitory,Categories,Codeforces,Codeforces Round #155 (Div. 2),9
383,384,Ever-Hungry Krakozyabra,Categories,Codeforces,Codeforces Round #426 (Div. 1) & Codeforces Round #426 (Div. 2),9
384,385,Two Paths,Categories,Codeforces,Codeforces Beta Round #36,9
385,386,Black Widow,Categories,Codeforces,Codeforces Round #366 (Div. 1) & Codeforces Round #366 (Div. 2),9
386,387,Help Greg the Dwarf,Categories,Codeforces,Codeforces Beta Round #78 (Div. 1 Only) & Codeforces Beta Round #78 (Div. 2 Only),9
387,388,Roland and Rose,Categories,Codeforces,Codeforces Round #262 (Div. 2),9
388,389,Ivan the Fool VS Gorynych the Dragon,Categories,Codeforces,School Personal Contest #3 (Winter Computer School 2010/11) - Codeforces Beta Round #45 (ACM-ICPC Rules),9
389,390,Greedy Elevator,Categories,Codeforces,Codeforces Round #159 (Div. 2),9
390,391,The Last Hole!,Categories,Codeforces,Codeforces Round #168 (Div. 1) & Codeforces Round #168 (Div. 2),9
391,392,Inna and Large Sweet Matrix,Categories,Codeforces,Codeforces Round #229 (Div. 2),9
392,393,Policeman and a Tree,Categories,Codeforces,Codeforces Round #438 by Sberbank and Barcelona Bootcamp (Div. 1 + Div. 2 combined),9
393,394,Information Reform,Categories,Codeforces,Codeforces Beta Round #64,9
394,395,Sandy and Nuts,Categories,Codeforces,Codeforces Round #332 (Div. 2),9
395,396,Broken Tree,Categories,Codeforces,Codeforces Round #392 (Div. 2),9
396,397,Arrangement,Categories,Codeforces,Codeforces Beta Round #83 (Div. 1 Only) & Codeforces Beta Round #83 (Div. 2 Only),9
397,398,Delivering Carcinogen,Categories,Codeforces,Codeforces Round #125 (Div. 1) & Codeforces Round #125 (Div. 2),9
398,399,Tachibana Kanade's Tofu,Categories,Codeforces,Codeforces Round #248 (Div. 2) & Codeforces Round #248 (Div. 1),9
399,400,Choosing Carrot,Categories,Codeforces,"Tinkoff Challenge - Final Round (Codeforces Round #414, rated, Div. 1 + Div. 2)",9
400,401,Buses and People,Categories,Codeforces,Codeforces Round #111 (Div. 2),9
401,402,Tree and Array,Categories,Codeforces,Codeforces Round #233 (Div. 1) & Codeforces Round #233 (Div. 2),9
402,403,Colored Jenga,Categories,Codeforces,Codeforces Round #242 (Div. 2),10
403,404,Kojiro and Furrari,Categories,Codeforces,Codeforces Round #322 (Div. 2),10
404,405,Chess,Categories,Codeforces,Codeforces Beta Round #53,10
405,406,Vasily the Bear and Painting Square,Categories,Codeforces,Codeforces Round #195 (Div. 2),10
406,407,World Evil,Categories,Codeforces,Codeforces Beta Round #58,10
407,408,Design Tutorial: Learn from a Game,Categories,Codeforces,Codeforces Round #270,10
408,409,Contact,Categories,Codeforces,Codeforces Beta Round #62,10
409,410,MUH and Lots and Lots of Segments,Categories,Codeforces,Codeforces Round #269 (Div. 2),10
410,411,Lift and Throw,Categories,Codeforces,Codeforces Beta Round #81,10
411,412,Chain Reaction,Categories,Codeforces,Codeforces Round #349 (Div. 1) & Codeforces Round #349 (Div. 2),10
412,413,Security System,Categories,Codeforces,Codeforces Beta Round #71,10
413,414,DZY Loves Bridges,Categories,Codeforces,Codeforces Round #255 (Div. 1),10
414,415,Alternative Reality,Categories,Codeforces,Codeforces Beta Round #90,10
415,416,Clever Fat Rat,Categories,Codeforces,Codeforces Round #118 (Div. 1) & Codeforces Round #118 (Div. 2),10
416,417,Lightbulb for Minister,Categories,Codeforces,Codeforces Round #231 (Div. 2),10
417,418,Helper,Categories,Codeforces,Codeforces Beta Round #33 (Codeforces format),10
418,419,Summer Reading,Categories,Codeforces,Codeforces Round #217 (Div. 2),10
419,420,Olympic Games,Categories,Codeforces,Codeforces Round #235 (Div. 2),10
420,421,Mister B and Beacons on Field,Categories,Codeforces,Codeforces Round #421 (Div. 1) & Codeforces Round #421 (Div. 2),10
421,422,Wavy numbers,Categories,Codeforces,Codeforces Round #273 (Div. 2),10
422,423,Lucky Interval,Categories,Codeforces,Codeforces Beta Round #84 (Div. 1 Only),10
423,424,DravDe saves the world,Categories,Codeforces,Codeforces Beta Round #28 (Codeforces format),10
424,425,Baldman and the military,Categories,Codeforces,Codeforces Beta Round #41,10
425,426,Harry Potter and Moving Staircases,Categories,Codeforces,Codeforces Beta Round #60,10
426,427,BCPC,Categories,Codeforces,Codeforces Round #328 (Div. 2),10
427,428,Vacuum ?leaner,Categories,Codeforces,Codeforces Beta Round #50,10
428,429,To Hack or not to Hack,Categories,Codeforces,"CROC 2016 - Final Round [Private, For Onsite Finalists Only]",10
429,430,Tree or not Tree,Categories,Codeforces,Codeforces Beta Round #88,10
430,431,Two Circles,Categories,Codeforces,Codeforces Round #211 (Div. 2),10
431,432,Inna and Babies,Categories,Codeforces,Codeforces Round #220 (Div. 2),10
432,433,Frog Fights,Categories,Codeforces,Codeforces Round #342 (Div. 2),10
433,434,Expression,Categories,Codeforces,Codeforces Beta Round #54 (Div. 2),10
434,435,Doe Graphs,Categories,Codeforces,Codeforces Round #144 (Div. 1) & Codeforces Round #144 (Div. 2),10
435,436,"Forward, march!",Categories,Codeforces,Codeforces Beta Round #11,10
436,437,Shift It!,Categories,Codeforces,Codeforces Beta Round #68,10
