,Unnamed: 0,Problem Name,Unnamed: 2,Online Judge,Year,Contest,Difficulty Level
0,1,Coffee Central,Categories,Live Archive,2011.0,World Finals - Orlando,1
1,2,Tetrahedron,Categories,Codeforces,,Codeforces Round #113 (Div. 2),1
2,3,Xenia and Bit Operations,Categories,Codeforces,,Codeforces Round #197 (Div. 2),1
3,4,Queue,Categories,Codeforces,,Codeforces Round #303 (Div. 2),1
4,5,Flowers,Categories,Codeforces,,Codeforces Round #271 (Div. 2),1
5,6,Longest Common Subsequence,Categories,UVA,,,1
6,7,Mashmokh and ACM,Categories,Codeforces,,Codeforces Round #240 (Div. 1) & Codeforces Round #240 (Div. 2),1
7,8,Dima and Lisa,Categories,Codeforces,,Codeforces Round #324 (Div. 2),2
8,9,Vasya and Chess,Categories,Codeforces,,Codeforces Round #281 (Div. 2),2
9,10,"Prizes, Prizes, more Prizes",Categories,Codeforces,,Codeforces Round #130 (Div. 2),2
10,11,Soldier and Number Game,Categories,Codeforces,,Codeforces Round #304 (Div. 2),2
11,12,Equivalent Strings,Categories,Codeforces,,Codeforces Round #313 (Div. 1) & Codeforces Round #313 (Div. 2),2
12,13,Magic Powder - 2,Categories,Codeforces,,Codeforces Round #350 (Div. 2),2
13,14,String Game,Categories,Codeforces,,Codeforces Round #402 (Div. 1) & Codeforces Round #402 (Div. 2),2
14,15,Alternating Current,Categories,Codeforces,,Codeforces Round #200 (Div. 1) & Codeforces Round #200 (Div. 2),2
15,16,Caesar's Legions,Categories,Codeforces,,Codeforces Beta Round #89 (Div. 2),2
16,17,Magic Powder - 1,Categories,Codeforces,,Codeforces Round #350 (Div. 2),2
17,18,Multiplication Table,Categories,Codeforces,,Codeforces Round #256 (Div. 2),2
18,19,Password,Categories,Codeforces,,Codeforces Beta Round #93 (Div. 1 Only) & Codeforces Beta Round #93 (Div. 2 Only),2
19,20,Minimum number of steps,Categories,Codeforces,,Codeforces Round #411 (Div. 1) & Codeforces Round #411 (Div. 2),2
20,21,Taxes,Categories,Codeforces,,Codeforces Round #382 (Div. 2) & Codeforces Round #382 (Div. 1),2
21,22,Mike and Feet,Categories,Codeforces,,Codeforces Round #305 (Div. 1) & Codeforces Round #305 (Div. 2),3
22,23,Biridian Forest,Categories,Codeforces,,Codeforces Round #192 (Div. 1) & Codeforces Round #192 (Div. 2),3
23,24,Long Path,Categories,Codeforces,,Codeforces Round #239 (Div. 1) & Codeforces Round #239 (Div. 2),3
24,25,Choosing Capital for Treeland,Categories,Codeforces,,Codeforces Round #135 (Div. 2),3
25,26,Love Rescue,Categories,Codeforces,,Codeforces Round #464 (Div. 2),3
26,27,Andrey and Problem,Categories,Codeforces,,Codeforces Round #253 (Div. 1) & Codeforces Round #253 (Div. 2),3
27,28,Lakes in Berland,Categories,Codeforces,,Codeforces Round #375 (Div. 2),3
28,29,Mysterious Present,Categories,Codeforces,,Codeforces Beta Round #4 (Div. 2 Only),3
29,30,Bear and Blocks,Categories,Codeforces,,Codeforces Round #318 [RussianCodeCup Thanks-Round] (Div. 1) & Codeforces Round #318 [RussianCodeCup Thanks-Round] (Div. 2),3
30,31,Good Sequences,Categories,Codeforces,,Codeforces Round #162 (Div. 1) & Codeforces Round #162 (Div. 2),3
31,32,Anton and Chess,Categories,Codeforces,,Codeforces Round #379 (Div. 2),3
32,33,Maximum Value,Categories,Codeforces,,Codeforces Round #276 (Div. 1) & Codeforces Round #276 (Div. 2),3
33,34,A and B and Interesting Substrings,Categories,Codeforces,,Codeforces Round #294 (Div. 2),3
34,35,Bicycle Race,Categories,Codeforces,,Codeforces Round #346 (Div. 2),3
35,36,Zuma,Categories,Codeforces,,Codeforces Round #336 (Div. 1) & Codeforces Round #336 (Div. 2),3
36,37,Pashmak and Parmida's problem,Categories,Codeforces,,Codeforces Round #261 (Div. 2),3
37,38,Good Substrings,Categories,Codeforces,,Codeforces Round #166 (Div. 2),3
38,39,Arpa's weak amphitheater and Mehrdad's valuable Hoses,Categories,Codeforces,,Codeforces Round #383 (Div. 1) & Codeforces Round #383 (Div. 2),3
39,40,Cloud of Hashtags,Categories,Codeforces,,Codeforces Round #401 (Div. 2),3
40,41,Kostya the Sculptor,Categories,Codeforces,,Codeforces Round #378 (Div. 2),3
41,42,Interesting Array,Categories,Codeforces,,Codeforces Round #275 (Div. 1) & Codeforces Round #275 (Div. 2),3
42,43,Ilya and Escalator,Categories,Codeforces,,Codeforces Round #293 (Div. 2),3
43,44,Fix a Tree,Categories,Codeforces,,Codeforces Round #363 (Div. 1) & Codeforces Round #363 (Div. 2),3
44,45,Sorting the Coins,Categories,Codeforces,,"Codeforces Round #441 (Div. 1, by Moscow Team Olympiad) & Codeforces Round #441 (Div. 2, by Moscow Team Olympiad)",3
45,46,Kefa and Dishes,Categories,Codeforces,,Codeforces Round #321 (Div. 2),3
46,47,Polyline,Categories,Codeforces,,Codeforces Round #340 (Div. 2),3
47,48,Greenhouse Effect,Categories,Codeforces,,Codeforces Round #165 (Div. 1) & Codeforces Round #165 (Div. 2),3
48,49,Make a Permutation!,Categories,Codeforces,,Codeforces Round #436 (Div. 2),3
49,50,Colorful Graph,Categories,Codeforces,,Codeforces Round #151 (Div. 2),3
50,51,Vasiliy's Multiset,Categories,Codeforces,,Codeforces Round #367 (Div. 2),3
51,52,Gargari and Permutations,Categories,Codeforces,,Codeforces Round #264 (Div. 2),3
52,53,Exams,Categories,Codeforces,,Codeforces Round #377 (Div. 2),3
53,54,Long Jumps,Categories,Codeforces,,Codeforces Round #274 (Div. 2) & Codeforces Round #274 (Div. 1),3
54,55,Green and Black Tea,Categories,Codeforces,,Codeforces Round #386 (Div. 2),3
55,56,Common Divisors,Categories,Codeforces,,Codeforces Round #117 (Div. 2),3
56,57,Greg and Graph,Categories,Codeforces,,Codeforces Round #179 (Div. 1) & Codeforces Round #179 (Div. 2),3
57,58,Little Girl and Maximum XOR,Categories,Codeforces,,Codeforces Round #169 (Div. 2),3
58,59,Little Elephant and Array,Categories,Codeforces,,Codeforces Round #136 (Div. 1) & Codeforces Round #136 (Div. 2),3
59,60,Bubble Sort Graph,Categories,Codeforces,,Codeforces Round #198 (Div. 2) & Codeforces Round #198 (Div. 1),3
60,61,"""Or"" Game",Categories,Codeforces,,Codeforces Round #320 (Div. 1) [Bayan Thanks-Round] & Codeforces Round #320 (Div. 2) [Bayan Thanks-Round],3
61,62,Unbearable Controversy of Being,Categories,Codeforces,,Codeforces Round #277.5 (Div. 2),3
62,63,Working out,Categories,Codeforces,,Codeforces Round #245 (Div. 1) & Codeforces Round #245 (Div. 2),3
63,64,One-Dimensional Battle Ships,Categories,Codeforces,,Codeforces Round #Pi (Div. 2),4
64,65,Maximum Submatrix 2,Categories,Codeforces,,Codeforces Round #221 (Div. 1) & Codeforces Round #221 (Div. 2),4
65,66,Office Keys,Categories,Codeforces,,"Codeforces Round #424 (Div. 1, rated, based on VK Cup Finals) & Codeforces Round #424 (Div. 2, rated, based on VK Cup Finals)",4
66,67,Quantity of Strings,Categories,Codeforces,,Codeforces Round #107 (Div. 1) & Codeforces Round #107 (Div. 2),4
67,68,Red-Green Towers,Categories,Codeforces,,Codeforces Round #273 (Div. 2),4
68,69,Appleman and Tree,Categories,Codeforces,,Codeforces Round #263 (Div. 1) & Codeforces Round #263 (Div. 2),4
69,70,Babaei and Birthday Cake,Categories,Codeforces,,Codeforces Round #343 (Div. 2),4
70,71,Zero Tree,Categories,Codeforces,,Codeforces Round #168 (Div. 1) & Codeforces Round #168 (Div. 2),4
71,72,Weird Chess,Categories,Codeforces,,Codeforces Round #300,4
72,73,Fox And Jumping,Categories,Codeforces,,Codeforces Round #290 (Div. 2) & Codeforces Round #290 (Div. 1),4
73,74,Bear and Two Paths,Categories,Codeforces,,VK Cup 2016 - Round 3,4
74,75,Innokenty and a Football League,Categories,Codeforces,,?????????? 2017 - ????? (?????? ??? ??????-??????????),4
75,76,Remainders Game,Categories,Codeforces,,Codeforces Round #360 (Div. 1) & Codeforces Round #360 (Div. 2),4
76,77,Two Sets,Categories,Codeforces,,Codeforces Round #268 (Div. 1) & Codeforces Round #268 (Div. 2),4
77,78,Count Good Substrings,Categories,Codeforces,,Codeforces Round #258 (Div. 2),4
78,79,Road Map,Categories,Codeforces,,Codeforces Beta Round #34 (Div. 2),4
79,80,Sea Battle,Categories,Codeforces,,Technocup 2017 - Elimination Round 2,4
80,81,Subway,Categories,Codeforces,,Codeforces Beta Round #95 (Div. 2),4
81,82,Volatile Kite,Categories,Codeforces,,VK Cup 2017 - Round 2,4
82,83,Dreamoon and Sets,Categories,Codeforces,,Codeforces Round #272 (Div. 2) & Codeforces Round #272 (Div. 1),4
83,84,Vanya and Computer Game,Categories,Codeforces,,Codeforces Round #280 (Div. 2),4
84,85,Polo the Penguin and Houses,Categories,Codeforces,,Codeforces Round #177 (Div. 1),4
85,86,Spongebob and Squares,Categories,Codeforces,,Codeforces Round #332 (Div. 2),4
86,87,Eternal Victory,Categories,Codeforces,,Codeforces Beta Round #57 (Div. 2),4
87,88,Toy Sum,Categories,Codeforces,,Codeforces Round #238 (Div. 2) & Codeforces Round #238 (Div. 1),4
88,89,Tavas and Malekas,Categories,Codeforces,,Codeforces Round #299 (Div. 2) & Codeforces Round #299 (Div. 1),4
89,90,Book of Evil,Categories,Codeforces,,Codeforces Round #196 (Div. 2) & Codeforces Round #196 (Div. 1),4
90,91,Queue,Categories,Codeforces,,Codeforces Beta Round #75 (Div. 1 Only) & Codeforces Beta Round #75 (Div. 2 Only),4
91,92,Jzzhu and Cities,Categories,Codeforces,,Codeforces Round #257 (Div. 1) & Codeforces Round #257 (Div. 2),4
92,93,Magic Box,Categories,Codeforces,,Codeforces Round #143 (Div. 2),4
93,94,Vanya and Triangles,Categories,Codeforces,,Codeforces Round #308 (Div. 2),4
94,95,Directed Roads,Categories,Codeforces,,Codeforces Round #369 (Div. 2),4
95,96,Petya and Divisors,Categories,Codeforces,,Codeforces Beta Round #85 (Div. 1 Only) & Codeforces Beta Round #85 (Div. 2 Only),4
96,97,Little Elephant and Cards,Categories,Codeforces,,Codeforces Round #129 (Div. 1) & Codeforces Round #129 (Div. 2),4
97,98,As Fast As Possible,Categories,Codeforces,,Codeforces Round #364 (Div. 1) & Codeforces Round #364 (Div. 2),4
98,99,Pair of Numbers,Categories,Codeforces,,Codeforces Round #209 (Div. 2),4
99,100,Bag of mice,Categories,Codeforces,,Codeforces Round #105 (Div. 2),4
100,101,Three Logos,Categories,Codeforces,,Codeforces Round #322 (Div. 2),4
101,102,Travel Card,Categories,Codeforces,,8VC Venture Cup 2017 - Final Round,4
102,103,Vessels,Categories,Codeforces,,Codeforces Round #218 (Div. 2),4
103,104,Planets,Categories,Codeforces,,Codeforces Round #142 (Div. 1) & Codeforces Round #142 (Div. 2),4
104,105,Chloe and pleasant prizes,Categories,Codeforces,,Codeforces Round #384 (Div. 2),4
105,106,Alarm Clock,Categories,Codeforces,,Codeforces Round #451 (Div. 2),4
106,107,My pretty girl Noora,Categories,Codeforces,,Codeforces Round #422 (Div. 2),4
107,108,Colliders,Categories,Codeforces,,Codeforces Round #109 (Div. 1) & Codeforces Round #109 (Div. 2),4
108,109,Tennis Game,Categories,Codeforces,,Codeforces Round #283 (Div. 2) & Codeforces Round #283 (Div. 1),4
109,110,Fish Weight,Categories,Codeforces,,Codeforces Round #180 (Div. 1) & Codeforces Round #180 (Div. 2),4
110,111,Image Preview,Categories,Codeforces,,Codeforces Round #345 (Div. 1) & Codeforces Round #345 (Div. 2),4
111,112,Lazy Student,Categories,Codeforces,,Codeforces Round #335 (Div. 1) & Codeforces Round #335 (Div. 2),4
112,113,Destroying Roads,Categories,Codeforces,,Codeforces Round #302 (Div. 1) & Codeforces Round #302 (Div. 2),4
113,114,Psychos in a Line,Categories,Codeforces,,Codeforces Round #189 (Div. 1) & Codeforces Round #189 (Div. 2),4
114,115,Tree Construction,Categories,Codeforces,,Codeforces Round #353 (Div. 2),4
115,116,Devu and his Brother,Categories,Codeforces,,Codeforces Round #251 (Div. 2),4
116,117,Design Tutorial: Inverse the Problem,Categories,Codeforces,,Codeforces Round #270,4
117,118,A Lot of Games,Categories,Codeforces,,Codeforces Round #260 (Div. 1) & Codeforces Round #260 (Div. 2),4
118,119,Dasha and Very Difficult Problem,Categories,Codeforces,,Codeforces Round #394 (Div. 2),4
119,120,Palindrome pairs,Categories,Codeforces,,VK Cup 2012 Qualification Round 2,4
120,121,The Door Problem,Categories,Codeforces,,"ICM Technex 2017 and Codeforces Round #400 (Div. 1 + Div. 2, combined)",4
121,122,Prefixes and Suffixes,Categories,Codeforces,,Codeforces Round #246 (Div. 2),4
122,123,DZY Loves Modification,Categories,Codeforces,,Codeforces Round #255 (Div. 1) & Codeforces Round #255 (Div. 2),4
123,124,Tree Requests,Categories,Codeforces,,Codeforces Round #316 (Div. 2),4
124,125,Regular Bridge,Categories,Codeforces,,Codeforces Round #306 (Div. 2),4
125,126,Phillip and Trains,Categories,Codeforces,,Codeforces Round #325 (Div. 1) & Codeforces Round #325 (Div. 2),4
126,127,High Load,Categories,Codeforces,,"Codeforces Round #423 (Div. 1, rated, based on VK Cup Finals) & Codeforces Round #423 (Div. 2, rated, based on VK Cup Finals)",4
127,128,Drazil and Tiles,Categories,Codeforces,,Codeforces Round #292 (Div. 2) & Codeforces Round #292 (Div. 1),4
128,129,Bad Luck Island,Categories,Codeforces,,Codeforces Round #301 (Div. 2),4
129,130,Puzzles,Categories,Codeforces,,Codeforces Round #362 (Div. 1) & Codeforces Round #362 (Div. 2),4
130,131,Robin Hood,Categories,Codeforces,,Codeforces Round #352 (Div. 1) & Codeforces Round #352 (Div. 2),4
131,132,The Child and Zoo,Categories,Codeforces,,Codeforces Round #250 (Div. 2) & Codeforces Round #250 (Div. 1),4
132,133,Roads not only in Berland,Categories,Codeforces,,Codeforces Beta Round #25 (Div. 2 Only),4
133,134,MUH and Cube Walls,Categories,Codeforces,,Codeforces Round #269 (Div. 2),4
134,135,Little Pony and Harmony Chest,Categories,Codeforces,,Codeforces Round #259 (Div. 1) & Codeforces Round #259 (Div. 2),4
135,136,Case of Fugitive,Categories,Codeforces,,Codeforces Round #310 (Div. 1) & Codeforces Round #310 (Div. 2),4
136,137,Cow Program,Categories,Codeforces,,Codeforces Round #174 (Div. 1) & Codeforces Round #174 (Div. 2),4
137,138,Alyona and a tree,Categories,Codeforces,,Codeforces Round #381 (Div. 1) & Codeforces Round #381 (Div. 2),4
138,139,Multipliers,Categories,Codeforces,,Codeforces Round #338 (Div. 2),4
139,140,Clique Problem,Categories,Codeforces,,Codeforces Round #296 (Div. 2) & Codeforces Round #296 (Div. 1),4
140,141,Little Artem and Dance,Categories,Codeforces,,VK Cup 2016 - Round 2,4
141,142,Symmetric and Transitive,Categories,Codeforces,,Codeforces Round #315 (Div. 1) & Codeforces Round #315 (Div. 2),5
142,143,Bear and Tower of Cubes,Categories,Codeforces,,Codeforces Round #356 (Div. 1) & Codeforces Round #356 (Div. 2),5
143,144,Police Stations,Categories,Codeforces,,Codeforces Round #408 (Div. 2),5
144,145,Renting Bikes,Categories,Codeforces,,Codeforces Round #211 (Div. 2),5
145,146,Lucky Transformation,Categories,Codeforces,,Codeforces Beta Round #91 (Div. 1 Only) & Codeforces Beta Round #91 (Div. 2 Only),5
146,147,R2D2 and Droid Army,Categories,Codeforces,,Codeforces Round #291 (Div. 2),5
147,148,Lipshitz Sequence,Categories,Codeforces,,Codeforces Round #333 (Div. 1) & Codeforces Round #333 (Div. 2),5
148,149,Winter Is Coming,Categories,Codeforces,,Codeforces Round #387 (Div. 2),5
149,150,Two Paths,Categories,Codeforces,,Codeforces Beta Round #14 (Div. 2),5
150,151,Volleyball,Categories,Codeforces,,Codeforces Beta Round #77 (Div. 1 Only) & Codeforces Beta Round #77 (Div. 2 Only),5
151,152,Field expansion,Categories,Codeforces,,"Playrix Codescapes Cup (Codeforces Round #413, rated, Div. 1 + Div. 2)",5
152,153,Petr#,Categories,Codeforces,,Codeforces Beta Round #86 (Div. 1 Only) & Codeforces Beta Round #86 (Div. 2 Only),5
153,154,Help General,Categories,Codeforces,,Codeforces Round #102 (Div. 1) & Codeforces Round #102 (Div. 2),5
154,155,Kyoya and Permutation,Categories,Codeforces,,Codeforces Round #309 (Div. 1) & Codeforces Round #309 (Div. 2),5
155,156,Complete The Graph,Categories,Codeforces,,Codeforces Round #372 (Div. 1) & Codeforces Round #372 (Div. 2),5
156,157,Valid Sets,Categories,Codeforces,,Codeforces Round #277 (Div. 2),5
157,158,Super M,Categories,Codeforces,,Codeforces Round #328 (Div. 2),5
158,159,Sereja ans Anagrams,Categories,Codeforces,,Codeforces Round #215 (Div. 1) & Codeforces Round #215 (Div. 2),5
159,160,Cartons of milk,Categories,Codeforces,,Codeforces Round #398 (Div. 2),5
160,161,Dima and Bacteria,Categories,Codeforces,,Codeforces Round #234 (Div. 2),5
161,162,Misha and Permutations Summation,Categories,Codeforces,,Codeforces Round #285 (Div. 2) & Codeforces Round #285 (Div. 1),5
162,163,Yaroslav and Time,Categories,Codeforces,,Codeforces Round #182 (Div. 1) & Codeforces Round #182 (Div. 2),5
163,164,How many trees?,Categories,Codeforces,,Codeforces Beta Round #9 (Div. 2 Only),5
164,165,Lucky Common Subsequence,Categories,Codeforces,,Codeforces Round #201 (Div. 1) & Codeforces Round #201 (Div. 2),5
165,166,Mishka and Interesting sum,Categories,Codeforces,,Codeforces Round #365 (Div. 2),5
166,167,Block Tower,Categories,Codeforces,,Codeforces Round #191 (Div. 2),5
167,168,Weird journey,Categories,Codeforces,,Codeforces Round #407 (Div. 1) & Codeforces Round #407 (Div. 2),5
168,169,Levko and Array,Categories,Codeforces,,Codeforces Round #210 (Div. 1) & Codeforces Round #210 (Div. 2),5
169,170,The Bakery,Categories,Codeforces,,Codeforces Round #426 (Div. 1) & Codeforces Round #426 (Div. 2),5
170,171,Jumping on Walls,Categories,Codeforces,,Codeforces Round #125 (Div. 1) & Codeforces Round #125 (Div. 2),5
171,172,Dima and Two Sequences,Categories,Codeforces,,Codeforces Round #167 (Div. 2) & Codeforces Round #167 (Div. 1),5
172,173,Ability To Convert,Categories,Codeforces,,Codeforces Round #392 (Div. 2),5
173,174,Counting Rectangles is Fun,Categories,Codeforces,,Codeforces Round #219 (Div. 1) & Codeforces Round #219 (Div. 2),5
174,175,Leaving Auction,Categories,Codeforces,,Codeforces Round #388 (Div. 2),5
175,176,"Misha, Grisha and Underground",Categories,Codeforces,,Codeforces Round #425 (Div. 2),5
176,177,Queue,Categories,Codeforces,,Codeforces Round #205 (Div. 2),5
177,178,Kay and Snowflake,Categories,Codeforces,,Codeforces Round #359 (Div. 1) & Codeforces Round #359 (Div. 2),5
178,179,Maximum Xor Secondary,Categories,Codeforces,,Codeforces Round #172 (Div. 1) & Codeforces Round #172 (Div. 2),5
179,180,Increase Sequence,Categories,Codeforces,,Codeforces Round #266 (Div. 2),5
180,181,Chip 'n Dale Rescue Rangers,Categories,Codeforces,,Codeforces Round #327 (Div. 1) & Codeforces Round #327 (Div. 2),5
181,182,Gluttony,Categories,Codeforces,,Codeforces Round #446 (Div. 1) & Codeforces Round #446 (Div. 2),5
182,183,Suspects,Categories,Codeforces,,Codeforces Round #110 (Div. 1) & Codeforces Round #110 (Div. 2),5
183,184,Artsem and Saunders,Categories,Codeforces,,Codeforces Round #397 by Kaspersky Lab and Barcelona Bootcamp (Div. 1 + Div. 2 combined),5
184,185,Petya and His Friends,Categories,Codeforces,,Codeforces Beta Round #61 (Div. 2),5
185,186,Ciel and Duel,Categories,Codeforces,,Codeforces Round #190 (Div. 1) & Codeforces Round #190 (Div. 2),5
186,187,Theseus and labyrinth,Categories,Codeforces,,Codeforces Round #354 (Div. 2),5
187,188,Maxim and Array,Categories,Codeforces,,Codeforces Round #374 (Div. 2),5
188,189,Palindromic characteristics,Categories,Codeforces,,Codeforces Round #427 (Div. 2),5
189,190,Fox and Minimal path,Categories,Codeforces,,Codeforces Round #228 (Div. 1) & Codeforces Round #228 (Div. 2),5
190,191,Infinite Maze,Categories,Codeforces,,Codeforces Round #124 (Div. 1) & Codeforces Round #124 (Div. 2),5
191,192,Chocolate,Categories,Codeforces,,Codeforces Round #279 (Div. 2),5
192,193,Least Cost Bracket Sequence,Categories,Codeforces,,Codeforces Beta Round #3,5
193,194,Handshakes,Categories,Codeforces,,Codeforces Round #298 (Div. 2),5
194,195,New Year Contest,Categories,Codeforces,,Codeforces Round #100,5
195,196,Minimization,Categories,Codeforces,,Codeforces Round #317 [AimFund Thanks-Round] (Div. 1) & Codeforces Round #317 [AimFund Thanks-Round] (Div. 2),5
196,197,Jeff and Furik,Categories,Codeforces,,Codeforces Round #204 (Div. 1) & Codeforces Round #204 (Div. 2),5
197,198,Persistent Bookcase,Categories,Codeforces,,Codeforces Round #368 (Div. 2),5
198,199,Chips,Categories,Codeforces,,Codeforces Round #194 (Div. 1) & Codeforces Round #194 (Div. 2),5
199,200,Alyona and Strings,Categories,Codeforces,,Codeforces Round #358 (Div. 2),5
200,201,Restore Cube,Categories,Codeforces,,Codeforces Round #265 (Div. 1),5
201,202,Cycle in Graph,Categories,Codeforces,,Codeforces Round #161 (Div. 2),5
202,203,Palindrome Degree,Categories,Codeforces,,Codeforces Beta Round #7,5
203,204,Timofey and rectangles,Categories,Codeforces,,Codeforces Round #395 (Div. 1) & Codeforces Round #395 (Div. 2),5
204,205,Olympiad,Categories,Codeforces,,Codeforces Round #137 (Div. 2),5
205,206,Falling Anvils,Categories,Codeforces,,Codeforces Beta Round #69 (Div. 1 Only) & Codeforces Beta Round #69 (Div. 2 Only),5
206,207,Bear and Tree Jumps,Categories,Codeforces,,VK Cup 2017 - Round 1,5
207,208,Winter is here,Categories,Codeforces,,Codeforces Round #428 (Div. 2),5
208,209,Lucky Number 2,Categories,Codeforces,,Codeforces Round #104 (Div. 1) & Codeforces Round #104 (Div. 2),5
209,210,Vitaly and Cycle,Categories,Codeforces,,Codeforces Round #311 (Div. 2),5
210,211,Dima and Hares,Categories,Codeforces,,Codeforces Round #208 (Div. 2),5
211,212,Strip,Categories,Codeforces,,Codeforces Round #278 (Div. 2) & Codeforces Round #278 (Div. 1) & Codeforces Round #278 (Div. 2) & Codeforces Round #278 (Div. 1),5
212,213,Rectangle and Square,Categories,Codeforces,,Codeforces Beta Round #97 (Div. 1) & Codeforces Beta Round #97 (Div. 2),5
213,214,Upgrading Array,Categories,Codeforces,,Codeforces Round #236 (Div. 2) & Codeforces Round #236 (Div. 1),5
214,215,A Simple Task,Categories,Codeforces,,Codeforces Beta Round #11,5
215,216,Basketball Team,Categories,Codeforces,,Codeforces Beta Round #83 (Div. 1 Only) & Codeforces Beta Round #83 (Div. 2 Only),5
216,217,Preparing for the Contest,Categories,Codeforces,,Codeforces Round #222 (Div. 1) & Codeforces Round #222 (Div. 2),5
217,218,Obsessive String,Categories,Codeforces,,Codeforces Round #282 (Div. 1) & Codeforces Round #282 (Div. 2),5
218,219,Moodular Arithmetic,Categories,Codeforces,,Codeforces Round #334 (Div. 1) & Codeforces Round #334 (Div. 2),5
219,220,Mahmoud and a Dictionary,Categories,Codeforces,,Codeforces Round #396 (Div. 2),5
220,221,Anton and School - 2,Categories,Codeforces,,Codeforces Round #404 (Div. 2),5
221,222,Friends and Subsequences,Categories,Codeforces,,Codeforces Round #361 (Div. 2),5
222,223,Lawnmower,Categories,Codeforces,,Codeforces Beta Round #87 (Div. 1 Only) & Codeforces Beta Round #87 (Div. 2 Only),5
223,224,Missile Silos,Categories,Codeforces,,Codeforces Round #103 (Div. 2),5
224,225,Xenia and Hamming,Categories,Codeforces,,Codeforces Round #207 (Div. 1) & Codeforces Round #207 (Div. 2),5
225,226,Skills,Categories,Codeforces,,Codeforces Round #339 (Div. 1) & Codeforces Round #339 (Div. 2),5
226,227,Fedor and coupons,Categories,Codeforces,,Codeforces Round #390 (Div. 2),5
227,228,Mahmoud and Ehab and another array construction task,Categories,Codeforces,,Codeforces Round #473 (Div. 2),5
228,229,An overnight dance in discotheque,Categories,Codeforces,,Codeforces Round #418 (Div. 2),5
229,230,Jon and Orbs,Categories,Codeforces,,"Divide by Zero 2017 and Codeforces Round #399 (Div. 1 + Div. 2, combined)",5
230,231,Roman and Numbers,Categories,Codeforces,,Codeforces Round #235 (Div. 2),5
231,232,Hydra,Categories,Codeforces,,Codeforces Round #150 (Div. 1) & Codeforces Round #150 (Div. 2),6
232,233,Naughty Stone Piles,Categories,Codeforces,,Codeforces Round #140 (Div. 1) & Codeforces Round #140 (Div. 2),6
233,234,Apple Tree,Categories,Codeforces,,Codeforces Round #202 (Div. 1) & Codeforces Round #202 (Div. 2),6
234,235,Doctor,Categories,Codeforces,,Codeforces Beta Round #72 (Div. 1 Only) & Codeforces Beta Round #72 (Div. 2 Only),6
235,236,Sum,Categories,Codeforces,,Codeforces Round #159 (Div. 2),6
236,237,Sereja and Periods,Categories,Codeforces,,Codeforces Round #187 (Div. 1) & Codeforces Round #187 (Div. 2),6
237,238,Invariance of Tree,Categories,Codeforces,,Codeforces Round #319 (Div. 1) & Codeforces Round #319 (Div. 2),6
238,239,Table,Categories,Codeforces,,Codeforces Round #144 (Div. 1) & Codeforces Round #144 (Div. 2),6
239,240,Yet Another Number Game,Categories,Codeforces,,Codeforces Round #173 (Div. 2),6
240,241,Fedor and Essay,Categories,Codeforces,,Codeforces Round #267 (Div. 2),6
241,242,Felicity's Big Secret Revealed,Categories,Codeforces,,"Codecraft-17 and Codeforces Round #391 (Div. 1 + Div. 2, combined)",6
242,243,Match & Catch,Categories,Codeforces,,Codeforces Round #244 (Div. 2),6
243,244,Cubes,Categories,Codeforces,,Codeforces Round #295 (Div. 2) & Codeforces Round #295 (Div. 1),6
244,245,Non-Secret Cypher,Categories,Codeforces,,Codeforces Round #120 (Div. 2),6
245,246,Graph Coloring,Categories,Codeforces,,"CROC 2016 - Final Round [Private, For Onsite Finalists Only]",6
246,247,Dispute,Categories,Codeforces,,Codeforces Round #149 (Div. 2),6
247,248,Sereja and Table,Categories,Codeforces,,Codeforces Round #243 (Div. 1),6
248,249,Ant on the Tree,Categories,Codeforces,,"Codeforces Beta Round #29 (Div. 2, Codeforces format)",6
249,250,Vanya and Treasure,Categories,Codeforces,,Codeforces Round #355 (Div. 2),6
250,251,Merge Sort,Categories,Codeforces,,Educational Codeforces Round 30,6
251,252,Coloring Brackets,Categories,Codeforces,,Codeforces Round #106 (Div. 2),6
252,253,Ilya and Roads,Categories,Codeforces,,Codeforces Round #186 (Div. 2),6
253,254,Playing with Permutations,Categories,Codeforces,,Codeforces Round #153 (Div. 1) & Codeforces Round #153 (Div. 2),6
254,255,Santa Claus and a Palindrome,Categories,Codeforces,,Technocup 2017 - Elimination Round 3,6
255,256,String,Categories,Codeforces,,Codeforces Beta Round #94 (Div. 1 Only) & Codeforces Beta Round #94 (Div. 2 Only),6
256,257,Mister B and PR Shifts,Categories,Codeforces,,Codeforces Round #421 (Div. 1) & Codeforces Round #421 (Div. 2),6
257,258,Beautiful numbers,Categories,Codeforces,,Codeforces Beta Round #51,6
258,259,AlgoRace,Categories,Codeforces,,Codeforces Round #119 (Div. 1) & Codeforces Round #119 (Div. 2),6
259,260,Two Strings,Categories,Codeforces,,Codeforces Round #138 (Div. 1) & Codeforces Round #138 (Div. 2),6
260,261,Mike and distribution,Categories,Codeforces,,Codeforces Round #410 (Div. 2),6
261,262,Legacy,Categories,Codeforces,,Codeforces Round #406 (Div. 1) & Codeforces Round #406 (Div. 2),6
262,263,Ring Road 2,Categories,Codeforces,,"Codeforces Beta Round #27 (Codeforces format, Div. 2)",6
263,264,Little Elephant and Elections,Categories,Codeforces,,Codeforces Round #157 (Div. 1) & Codeforces Round #157 (Div. 2),6
264,265,Palindromes,Categories,Codeforces,,Codeforces Beta Round #98 (Div. 2),6
265,266,Wizards and Huge Prize,Categories,Codeforces,,Codeforces Round #114 (Div. 1) & Codeforces Round #114 (Div. 2),6
266,267,Tanya and Password,Categories,Codeforces,,Codeforces Round #288 (Div. 2),6
267,268,Glad to see you!,Categories,Codeforces,,Codeforces Round #415 (Div. 1) & Codeforces Round #415 (Div. 2),6
268,269,Random Task,Categories,Codeforces,,Codeforces Round #247 (Div. 2),6
269,270,Minesweeper 1D,Categories,Codeforces,,Codeforces Round #237 (Div. 2),6
270,271,GukiZ and Binary Operations,Categories,Codeforces,,Codeforces Round #307 (Div. 2),6
271,272,Segments,Categories,Codeforces,,Codeforces Beta Round #22 (Div. 2 Only),6
272,273,Lucky Probability,Categories,Codeforces,,Codeforces Beta Round #84 (Div. 1 Only) & Codeforces Beta Round #84 (Div. 2 Only),6
273,274,Duff in Beach,Categories,Codeforces,,Codeforces Round #326 (Div. 1) & Codeforces Round #326 (Div. 2),6
274,275,Hit Ball,Categories,Codeforces,,Codeforces Round #128 (Div. 2),6
275,276,Mushroom Scientists,Categories,Codeforces,,Codeforces Round #118 (Div. 1) & Codeforces Round #118 (Div. 2),6
276,277,Buses,Categories,Codeforces,,Codeforces Beta Round #79 (Div. 1 Only) & Codeforces Beta Round #79 (Div. 2 Only),6
277,278,Searching Rectangles,Categories,Codeforces,,Codeforces Round #371 (Div. 1) & Codeforces Round #371 (Div. 2),6
278,279,Mr. Bender and Square,Categories,Codeforces,,Codeforces Round #156 (Div. 2) & Codeforces Round #156 (Div. 1),6
279,280,Let's Play Osu!,Categories,Codeforces,,Codeforces Round #146 (Div. 1) & Codeforces Round #146 (Div. 2),6
280,281,Permutation Sum,Categories,Codeforces,,Codeforces Round #175 (Div. 2),6
281,282,Permutations,Categories,Codeforces,,School Personal Contest #3 (Winter Computer School 2010/11) - Codeforces Beta Round #45 (ACM-ICPC Rules),6
282,283,World Tour,Categories,Codeforces,,Codeforces Round #349 (Div. 1) & Codeforces Round #349 (Div. 2),6
283,284,Vladik and Favorite Game,Categories,Codeforces,,Codeforces Round #416 (Div. 2),6
284,285,Hot Days,Categories,Codeforces,,Codeforces Round #132 (Div. 2),6
285,286,Arthur and Walls,Categories,Codeforces,,Codeforces Round #297 (Div. 2),6
286,287,The Maths Lecture,Categories,Codeforces,,Codeforces Round #287 (Div. 2),6
287,288,Gifts by the List,Categories,Codeforces,,Codeforces Round #357 (Div. 2),6
288,289,Karen and Test,Categories,Codeforces,,Codeforces Round #419 (Div. 1) & Codeforces Round #419 (Div. 2),6
289,290,Maxim and Restaurant,Categories,Codeforces,,Codeforces Round #160 (Div. 1) & Codeforces Round #160 (Div. 2),6
290,291,Hongcow's Game,Categories,Codeforces,,Codeforces Round #385 (Div. 1) & Codeforces Round #385 (Div. 2),6
291,292,Physical Education,Categories,Codeforces,,Codeforces Beta Round #49 (Div. 2),6
292,293,Guess That Car!,Categories,Codeforces,,Codeforces Round #127 (Div. 1) & Codeforces Round #127 (Div. 2),6
293,294,Lizards and Basements 2,Categories,Codeforces,,Codeforces Beta Round #6 (Div. 2 Only),6
294,295,Messenger,Categories,Codeforces,,Codeforces Round #344 (Div. 2),6
295,296,Ants,Categories,Codeforces,,Codeforces Round #188 (Div. 1) & Codeforces Round #188 (Div. 2),6
296,297,Dynamic Problem Scoring,Categories,Codeforces,,VK Cup 2017 - Round 3,6
297,298,Leha and another game about graph,Categories,Codeforces,,Codeforces Round #429 (Div. 1) & Codeforces Round #429 (Div. 2),6
298,299,Cinema,Categories,Codeforces,,"Codeforces Round #145 (Div. 2, ACM-ICPC Rules) & Codeforces Round #145 (Div. 1, ACM-ICPC Rules)",6
299,300,Animals,Categories,Codeforces,,Codeforces Beta Round #35 (Div. 2),6
300,301,Memory and Scores,Categories,Codeforces,,Codeforces Round #370 (Div. 2),6
301,302,Numbers,Categories,Codeforces,,Codeforces Round #131 (Div. 1) & Codeforces Round #131 (Div. 2),6
302,303,Mr. Kitayuta's Technology,Categories,Codeforces,,Codeforces Round #286 (Div. 2) & Codeforces Round #286 (Div. 1),6
303,304,Rectangle Puzzle II,Categories,Codeforces,,Codeforces Round #183 (Div. 1) & Codeforces Round #183 (Div. 2),6
304,305,LCIS,Categories,Codeforces,,Codeforces Beta Round #10,6
305,306,DZY Loves FFT,Categories,Codeforces,,Codeforces Round #254 (Div. 1) & Codeforces Round #254 (Div. 2),7
306,307,Ant Man,Categories,Codeforces,,Codeforces Round #366 (Div. 1) & Codeforces Round #366 (Div. 2),7
307,308,Points,Categories,Codeforces,,Codeforces Beta Round #19,7
308,309,Treasure Island,Categories,Codeforces,,Codeforces Beta Round #82 (Div. 2),7
309,310,80-th Level Archeology,Categories,Codeforces,,Codeforces Round #376 (Div. 2),7
310,311,Programming Language,Categories,Codeforces,,Codeforces Round #126 (Div. 2),7
311,312,Follow Traffic Rules,Categories,Codeforces,,Codeforces Beta Round #5,7
312,313,Big Maximum Sum,Categories,Codeforces,,Codeforces Beta Round #67 (Div. 2),7
313,314,Special Grid,Categories,Codeforces,,Codeforces Round #249 (Div. 2),7
314,315,Table with Letters - 2,Categories,Codeforces,,Codeforces Round #154 (Div. 2),7
315,316,Edges in MST,Categories,Codeforces,,Codeforces Round #111 (Div. 2),7
316,317,Parking Lot,Categories,Codeforces,,School Personal Contest #2 (Winter Computer School 2010/11) - Codeforces Beta Round #43 (ACM-ICPC Rules),7
317,318,Okabe and City,Categories,Codeforces,,Codeforces Round #420 (Div. 2),7
318,319,Vika and Segments,Categories,Codeforces,,Codeforces Round #337 (Div. 2),7
319,320,Snake,Categories,Codeforces,,Codeforces Round #139 (Div. 2),7
320,321,Seller Bob,Categories,Codeforces,,Codeforces Beta Round #18 (Div. 2 Only),7
321,322,Inna and Sequence,Categories,Codeforces,,Codeforces Round #220 (Div. 2),7
322,323,Little Victor and Set,Categories,Codeforces,,Codeforces Round #262 (Div. 2),7
323,324,Black and White Tree,Categories,Codeforces,,Codeforces Round #158 (Div. 2),7
324,325,Digits Permutations,Categories,Codeforces,,Codeforces Beta Round #99 (Div. 1) & Codeforces Beta Round #99 (Div. 2),7
325,326,Restoring Numbers,Categories,Codeforces,,"Codeforces Round #289 (Div. 2, ACM ICPC Rules)",7
326,327,End of Exams,Categories,Codeforces,,Codeforces Beta Round #76 (Div. 1 Only) & Codeforces Beta Round #76 (Div. 2 Only),7
327,328,Nanami's Digital Board,Categories,Codeforces,,Codeforces Round #248 (Div. 2) & Codeforces Round #248 (Div. 1),7
328,329,Blackboard Fibonacci,Categories,Codeforces,,Codeforces Round #134 (Div. 1) & Codeforces Round #134 (Div. 2),7
329,330,Knights,Categories,Codeforces,,Codeforces Beta Round #33 (Codeforces format),7
330,331,Vasily the Bear and Beautiful Strings,Categories,Codeforces,,Codeforces Round #195 (Div. 2),7
331,332,Changing a String,Categories,Codeforces,,Codeforces Beta Round #52 (Div. 2),7
332,333,Dima and Trap Graph,Categories,Codeforces,,Codeforces Round #214 (Div. 2),7
333,334,Journey,Categories,Codeforces,,Codeforces Beta Round #42 (Div. 2),7
334,335,Ksenia and Pawns,Categories,Codeforces,,Codeforces Round #224 (Div. 2),7
335,336,Painting The Wall,Categories,Codeforces,,Codeforces Round #233 (Div. 1) & Codeforces Round #233 (Div. 2),7
336,337,Name That Tune,Categories,Codeforces,,Codeforces Round #284 (Div. 1) & Codeforces Round #284 (Div. 2),7
337,338,Valera and Swaps,Categories,Codeforces,,Codeforces Round #252 (Div. 2),7
338,339,Boring Partition,Categories,Codeforces,,Codeforces Round #148 (Div. 1) & Codeforces Round #148 (Div. 2),7
339,340,Russian Roulette,Categories,Codeforces,,Codeforces Beta Round #80 (Div. 1 Only) & Codeforces Beta Round #80 (Div. 2 Only),7
340,341,Guess Your Way Out! II,Categories,Codeforces,,Codeforces Round #312 (Div. 2),7
341,342,Something with XOR Queries,Categories,Codeforces,,Technocup 2018 - Elimination Round 2,7
342,343,Shifting,Categories,Codeforces,,Codeforces Round #176 (Div. 1) & Codeforces Round #176 (Div. 2),7
343,344,Rat Kwesh and Cheese,Categories,Codeforces,,Codeforces Round #341 (Div. 2),7
344,345,Game,Categories,Codeforces,,Codeforces Beta Round #46 (Div. 2),7
345,346,Cats Transport,Categories,Codeforces,,Codeforces Round #185 (Div. 1) & Codeforces Round #185 (Div. 2),7
346,347,Ball,Categories,Codeforces,,Codeforces Beta Round #12 (Div 2 Only),7
347,348,Spider's Web,Categories,Codeforces,,Codeforces Round #133 (Div. 2),7
348,349,Analyzing Polyline,Categories,Codeforces,,Codeforces Round #123 (Div. 2),7
349,350,Constellation,Categories,Codeforces,,"Codeforces Beta Round #32 (Div. 2, Codeforces format)",7
350,351,Free Market,Categories,Codeforces,,Codeforces Round #213 (Div. 1) & Codeforces Round #213 (Div. 2),7
351,352,On Sum of Fractions,Categories,Codeforces,,Codeforces Round #232 (Div. 1) & Codeforces Round #232 (Div. 2),7
352,353,Set of Points,Categories,Codeforces,,Codeforces Round #170 (Div. 1) & Codeforces Round #170 (Div. 2),7
353,354,Population Size,Categories,Codeforces,,Codeforces Round #241 (Div. 2),7
354,355,Logging,Categories,Codeforces,,Codeforces Beta Round #16 (Div. 2 Only),7
355,356,Xor,Categories,Codeforces,,Codeforces Round #122 (Div. 1) & Codeforces Round #122 (Div. 2),7
356,357,Chocolate,Categories,Codeforces,,"Codeforces Beta Round #31 (Div. 2, Codeforces format)",7
357,358,Vasya and Types,Categories,Codeforces,,Codeforces Beta Round #73 (Div. 1 Only) & Codeforces Beta Round #73 (Div. 2 Only),7
358,359,Fools and Foolproof Roads,Categories,Codeforces,,Codeforces Round #212 (Div. 2),7
359,360,Pawn,Categories,Codeforces,,Codeforces Beta Round #40 (Div. 2),7
360,361,Huge Strings,Categories,Codeforces,,Codeforces Round #438 by Sberbank and Barcelona Bootcamp (Div. 1 + Div. 2 combined),7
361,362,Squares,Categories,Codeforces,,Codeforces Beta Round #92 (Div. 1 Only) & Codeforces Beta Round #92 (Div. 2 Only),7
362,363,Beard Graph,Categories,Codeforces,,Codeforces Round #112 (Div. 2),7
363,364,Happy Tree Party,Categories,Codeforces,,Codeforces Round #329 (Div. 2),7
364,365,Valera and Fools,Categories,Codeforces,,Codeforces Round #216 (Div. 2),7
365,366,Dot,Categories,Codeforces,,Codeforces Beta Round #63 (Div. 2),7
366,367,Demonstration,Categories,Codeforces,,Codeforces Round #121 (Div. 1) & Codeforces Round #121 (Div. 2),7
367,368,Tower of Hanoi,Categories,Codeforces,,Codeforces Round #230 (Div. 1) & Codeforces Round #230 (Div. 2),8
368,369,Name,Categories,Codeforces,,"Codeforces Round #116 (Div. 2, ACM-ICPC Rules)",8
369,370,Broken robot,Categories,Codeforces,,Codeforces Beta Round #24,8
370,371,BerDonalds,Categories,Codeforces,,Codeforces Round #163 (Div. 2),8
371,372,Volcanoes,Categories,Codeforces,,Codeforces Round #225 (Div. 1) & Codeforces Round #225 (Div. 2),8
372,373,Password,Categories,Codeforces,,Codeforces Beta Round #71,8
373,374,Vasya the Architect,Categories,Codeforces,,School Personal Contest #1 (Winter Computer School 2010/11) - Codeforces Beta Round #38 (ACM-ICPC Rules),8
374,375,Inna and Sweet Matrix,Categories,Codeforces,,Codeforces Round #229 (Div. 2),8
375,376,Finals in arithmetic,Categories,Codeforces,,Codeforces Round #342 (Div. 2),8
376,377,Bombing,Categories,Codeforces,,Codeforces Beta Round #47,8
377,378,Triangles,Categories,Codeforces,,Codeforces Beta Round #13,8
378,379,Labelling Cities,Categories,Codeforces,,"Tinkoff Challenge - Final Round (Codeforces Round #414, rated, Div. 1 + Div. 2)",8
379,380,FreeDiv,Categories,Codeforces,,Codeforces Beta Round #66,8
380,381,Take-off Ramps,Categories,Codeforces,,Codeforces Round #101 (Div. 2),8
381,382,Painting Square,Categories,Codeforces,,Codeforces Round #181 (Div. 2),8
382,383,Two Friends,Categories,Codeforces,,Codeforces Beta Round #8,8
383,384,The Minimum Number of Variables,Categories,Codeforces,,Codeforces Round #171 (Div. 2),8
384,385,Biathlon Track,Categories,Codeforces,,Codeforces Round #242 (Div. 2),8
385,386,"Don't fear, DravDe is kind",Categories,Codeforces,,Codeforces Beta Round #28 (Codeforces format),8
386,387,Notepad,Categories,Codeforces,,Codeforces Beta Round #17,8
387,388,T-decomposition,Categories,Codeforces,,Codeforces Round #147 (Div. 2),8
388,389,Wilbur and Trees,Categories,Codeforces,,Codeforces Round #331 (Div. 2),8
389,390,Two Melodies,Categories,Codeforces,,Educational Codeforces Round 22,8
390,391,Widget Library,Categories,Codeforces,,Codeforces Beta Round #74 (Div. 1 Only) & Codeforces Beta Round #74 (Div. 2 Only),8
391,392,Sweets for Everyone!,Categories,Codeforces,,Codeforces Round #152 (Div. 2) & Codeforces Round #152 (Div. 1),8
392,393,Sereja and Tree,Categories,Codeforces,,Codeforces Round #223 (Div. 1) & Codeforces Round #223 (Div. 2),8
393,394,Xenia and Dominoes,Categories,Codeforces,,Codeforces Round #199 (Div. 2),8
394,395,Tickets,Categories,Codeforces,,Codeforces Beta Round #26 (Codeforces format),8
395,396,New Game with a Chess Piece,Categories,Codeforces,,Codeforces Beta Round #36,8
396,397,Max and Bike,Categories,Codeforces,,Codeforces Round #330 (Div. 1) & Codeforces Round #330 (Div. 2),8
397,398,Team Arrangement,Categories,Codeforces,,Codeforces Beta Round #55 (Div. 2),8
398,399,Broken Monitor,Categories,Codeforces,,Codeforces Round #217 (Div. 2),8
399,400,George and Interesting Graph,Categories,Codeforces,,Codeforces Round #227 (Div. 2),8
400,401,Professor's task,Categories,Codeforces,,Codeforces Beta Round #64,8
401,402,Olya and Graph,Categories,Codeforces,,Codeforces Round #184 (Div. 2),8
402,403,Traveling Graph,Categories,Codeforces,,Codeforces Alpha Round #21 (Codeforces format),8
403,404,Dividing Island,Categories,Codeforces,,Codeforces Beta Round #59 (Div. 2),8
404,405,Calendar,Categories,Codeforces,,Codeforces Beta Round #54 (Div. 2),8
405,406,Safe,Categories,Codeforces,,Codeforces Beta Round #44 (Div. 2),8
406,407,Piet,Categories,Codeforces,,Codeforces Beta Round #96 (Div. 1) & Codeforces Beta Round #96 (Div. 2),8
407,408,Bear and Floodlight,Categories,Codeforces,,Codeforces Round #226 (Div. 2),8
408,409,King's Problem?,Categories,Codeforces,,Codeforces Beta Round #30 (Codeforces format),9
409,410,Shaass and Painter Robot,Categories,Codeforces,,Codeforces Round #178 (Div. 2),9
410,411,Wormhouse,Categories,Codeforces,,Codeforces Beta Round #58,9
411,412,Geometrical problem,Categories,Codeforces,,Codeforces Beta Round #48,9
412,413,Game with Strings,Categories,Codeforces,,Codeforces Round #206 (Div. 1) & Codeforces Round #206 (Div. 2),9
413,414,Journey,Categories,Codeforces,,Codeforces Beta Round #53,9
414,415,Half-decay tree,Categories,Codeforces,,Codeforces Beta Round #62,9
415,416,String Transformation,Categories,Codeforces,,Codeforces Beta Round #90,9
416,417,Plane of Tanks: Duel,Categories,Codeforces,,Codeforces Round #115,9
417,418,Tetragon,Categories,Codeforces,,Codeforces Beta Round #23,9
418,419,Archer's Shot,Categories,Codeforces,,Codeforces Beta Round #70 (Div. 2),9
419,420,Lesson Timetable,Categories,Codeforces,,Codeforces Beta Round #37,9
420,421,Savior,Categories,Codeforces,,Codeforces Beta Round #56,9
421,422,Solitaire,Categories,Codeforces,,Codeforces Beta Round #65 (Div. 2),9
422,423,Strange town,Categories,Codeforces,,Codeforces Beta Round #41,9
423,424,Writing a Song,Categories,Codeforces,,Codeforces Beta Round #50,9
424,425,Harry Potter and the Sorting Hat,Categories,Codeforces,,Codeforces Beta Round #60,9
425,426,Not Quick Transformation,Categories,Codeforces,,Codeforces Beta Round #88,9
426,427,Shoe Store,Categories,Codeforces,,Codeforces Round #113 (Div. 2),9
427,428,Sagheer and Kindergarten,Categories,Codeforces,,Codeforces Round #417 (Div. 2),9
428,429,Zigzag,Categories,Codeforces,,Codeforces Round #141 (Div. 2),9
429,430,Theft of Blueprints,Categories,Codeforces,,Codeforces Round #193 (Div. 2),9
430,431,Frames,Categories,Codeforces,,Codeforces Round #108 (Div. 2),9
431,432,Physical Education and Buns,Categories,Codeforces,,Codeforces Round #231 (Div. 2),9
432,433,Map,Categories,Codeforces,,Codeforces Beta Round #15,9
433,434,Hanger,Categories,Codeforces,,Codeforces Beta Round #68,9
434,435,Rats,Categories,Codeforces,,Codeforces Round #155 (Div. 2),9
435,436,Wall Bars,Categories,Codeforces,,Codeforces Round #164 (Div. 2),9
436,437,Interesting Sequence,Categories,Codeforces,,Codeforces Beta Round #39,10
437,438,The Overdosing Ubiquity,Categories,Codeforces,,Codeforces Round #439 (Div. 2),10
438,439,Guards In The Storehouse,Categories,Codeforces,,Educational Codeforces Round 27,10
439,440,Entertaining Geodetics,Categories,Codeforces,,Codeforces Beta Round #81,10
440,441,Number of Binominal Coefficients,Categories,Codeforces,,Codeforces Round #323 (Div. 1),10
441,442,Looking for Owls,Categories,Codeforces,,Codeforces Round #203 (Div. 2),10
442,443,Help King,Categories,Codeforces,,Codeforces Beta Round #78 (Div. 1 Only) & Codeforces Beta Round #78 (Div. 2 Only),10
